#
# There is insufficient memory for the Java Runtime Environment to continue.
# Native memory allocation (mmap) failed to map 581959680 bytes. Error detail: G1 virtual space
# Possible reasons:
#   The system is out of physical RAM or swap space
#   This process is running with CompressedOops enabled, and the Java Heap may be blocking the growth of the native heap
# Possible solutions:
#   Reduce memory load on the system
#   Increase physical memory or swap space
#   Check if swap backing store is full
#   Decrease Java heap size (-Xmx/-Xms)
#   Decrease number of Java threads
#   Decrease Java thread stack sizes (-Xss)
#   Set larger code cache with -XX:ReservedCodeCacheSize=
#   JVM is running with Unscaled Compressed Oops mode in which the Java heap is
#     placed in the first 4GB address space. The Java Heap base address is the
#     maximum limit for the native heap growth. Please use -XX:HeapBaseMinAddress
#     to set the Java Heap base and to place the Java Heap above 4GB virtual address.
# This output file may be truncated or incomplete.
#
#  Out of Memory Error (os_windows.cpp:3926), pid=21916, tid=21880
#
# JRE version: OpenJDK Runtime Environment (21.0.10) (build 21.0.10+-14961533-b1163.108)
# Java VM: OpenJDK 64-Bit Server VM (21.0.10+-14961533-b1163.108, mixed mode, tiered, compressed oops, compressed class ptrs, g1 gc, windows-amd64)
# No core dump will be written. Minidumps are not enabled by default on client versions of Windows
#

---------------  S U M M A R Y ------------

Command Line: --add-opens=java.base/java.lang=ALL-UNNAMED --add-opens=java.base/java.lang.invoke=ALL-UNNAMED --add-opens=java.base/java.util=ALL-UNNAMED --add-opens=java.prefs/java.util.prefs=ALL-UNNAMED --add-exports=jdk.compiler/com.sun.tools.javac.api=ALL-UNNAMED --add-exports=jdk.compiler/com.sun.tools.javac.util=ALL-UNNAMED --add-opens=java.base/java.util=ALL-UNNAMED --add-opens=java.prefs/java.util.prefs=ALL-UNNAMED --add-opens=java.base/java.nio.charset=ALL-UNNAMED --add-opens=java.base/java.net=ALL-UNNAMED --add-opens=java.base/java.util.concurrent=ALL-UNNAMED --add-opens=java.base/java.util.concurrent.atomic=ALL-UNNAMED --add-opens=java.xml/javax.xml.namespace=ALL-UNNAMED --add-opens=java.base/java.time=ALL-UNNAMED -Xmx2048m -Dfile.encoding=UTF-8 -Duser.country=US -Duser.language=en -Duser.variant -javaagent:C:\Users\Lenovo\.gradle\wrapper\dists\gradle-9.4.1-bin\arn2x92ynaizyzdaamcbpbhtj\gradle-9.4.1\lib\agents\gradle-instrumentation-agent-9.4.1.jar org.gradle.launcher.daemon.bootstrap.GradleDaemon 9.4.1

Host: AMD Ryzen 5 5500U with Radeon Graphics         , 12 cores, 13G,  Windows 11 , 64 bit Build 22621 (10.0.22621.5415)
Time: Fri Jun  5 12:31:52 2026 SE Asia Standard Time elapsed time: 3963.522160 seconds (0d 1h 6m 3s)

---------------  T H R E A D  ---------------

Current thread (0x000001c599a99460):  VMThread "VM Thread"          [id=21880, stack(0x0000000c55c00000,0x0000000c55d00000) (1024K)]

Stack: [0x0000000c55c00000,0x0000000c55d00000]
Native frames: (J=compiled Java code, j=interpreted, Vv=VM code, C=native code)
V  [jvm.dll+0x6d78a9]
V  [jvm.dll+0x8665b3]
V  [jvm.dll+0x868bde]
V  [jvm.dll+0x8692c3]
V  [jvm.dll+0x280ee6]
V  [jvm.dll+0x6d4165]
V  [jvm.dll+0x6c77fa]
V  [jvm.dll+0x358f4b]
V  [jvm.dll+0x360bc6]
V  [jvm.dll+0x3b2ea6]
V  [jvm.dll+0x3b3178]
V  [jvm.dll+0x32b65c]
V  [jvm.dll+0x32b6e7]
V  [jvm.dll+0x3715cc]
V  [jvm.dll+0x36fd7e]
V  [jvm.dll+0x32adb1]
V  [jvm.dll+0x36f480]
V  [jvm.dll+0x86f048]
V  [jvm.dll+0x870394]
V  [jvm.dll+0x8708d0]
V  [jvm.dll+0x870b63]
V  [jvm.dll+0x80fd28]
V  [jvm.dll+0x6d60fd]
C  [ucrtbase.dll+0x29333]
C  [KERNEL32.DLL+0x1259d]
C  [ntdll.dll+0x5af78]

VM_Operation (0x0000000c585ff2a0): G1CollectForAllocation, mode: safepoint, requested by thread 0x000001c5a2175840


---------------  P R O C E S S  ---------------

Threads class SMR info:
_java_thread_list=0x000001c5a2328c50, length=117, elements={
0x000001c581de1340, 0x000001c599b23ca0, 0x000001c599b4a220, 0x000001c599b36370,
0x000001c599b6f1f0, 0x000001c599b70260, 0x000001c599b78cd0, 0x000001c599b7a740,
0x000001c599b7e9d0, 0x000001c599b85490, 0x000001c59e0e44e0, 0x000001c59e0e5200,
0x000001c59e0e5f20, 0x000001c59e0e37c0, 0x000001c59ee7f000, 0x000001c59ee7f690,
0x000001c59ee7bb80, 0x000001c59ee803b0, 0x000001c5a2173e00, 0x000001c5a2175840,
0x000001c5a1c495a0, 0x000001c5a45226c0, 0x000001c5a29e2eb0, 0x000001c5a450e330,
0x000001c5a45117b0, 0x000001c5a47625e0, 0x000001c59f50b900, 0x000001c5a47653d0,
0x000001c5a475e440, 0x000001c5a5b0c480, 0x000001c5a5b09d20, 0x000001c5a5b05b80,
0x000001c5a5b08970, 0x000001c5a4b2e330, 0x000001c5a4b35950, 0x000001c5afe38a90,
0x000001c5b5b0f6c0, 0x000001c5b041d1e0, 0x000001c5aaa63a90, 0x000001c5b68884e0,
0x000001c5b5b12b40, 0x000001c5aaa63400, 0x000001c5b5ab8160, 0x000001c5b591ba00,
0x000001c5b61c8a50, 0x000001c5ba16fe60, 0x000001c5b68a44e0, 0x000001c5afb66ba0,
0x000001c5b5a299f0, 0x000001c5aaa60ca0, 0x000001c5afb685e0, 0x000001c5afb62a00,
0x000001c5b5ab87f0, 0x000001c5b0374450, 0x000001c5b0374ae0, 0x000001c5afb68c70,
0x000001c5af75a7e0, 0x000001c5b6887e50, 0x000001c5b94b1410, 0x000001c5b5493ac0,
0x000001c5b5aba230, 0x000001c5b964c920, 0x000001c5b5a2b430, 0x000001c5b964aee0,
0x000001c5b964b570, 0x000001c5b964a1c0, 0x000001c5b964c290, 0x000001c5b964cfb0,
0x000001c5b8f380b0, 0x000001c5b8f37a20, 0x000001c5b8f38740, 0x000001c5b94b1aa0,
0x000001c5b94b2130, 0x000001c5b8f35fe0, 0x000001c5b8f38dd0, 0x000001c5b8f35950,
0x000001c5b8f36670, 0x000001c5b94b34e0, 0x000001c5b5492710, 0x000001c5b5492da0,
0x000001c5b5493430, 0x000001c5b5494150, 0x000001c5b5495500, 0x000001c5b5b0fd50,
0x000001c5b5aba8c0, 0x000001c5b5b103e0, 0x000001c5b5b11100, 0x000001c5b5b124b0,
0x000001c5b5b10a70, 0x000001c5b5b11e20, 0x000001c5b02e0670, 0x000001c5b528ea90,
0x000001c5b5a2bac0, 0x000001c5afb63090, 0x000001c5afb63db0, 0x000001c5aaa61330,
0x000001c5aaa619c0, 0x000001c5aaa626e0, 0x000001c5aaa62d70, 0x000001c5b6685b30,
0x000001c5b6684e10, 0x000001c5b66861c0, 0x000001c5b66854a0, 0x000001c5b6a8c3a0,
0x000001c5b6a8d0c0, 0x000001c5b6a8bd10, 0x000001c5a5b54790, 0x000001c5b74d2000,
0x000001c5b74d12e0, 0x000001c5b74d0c50, 0x000001c5b5e02290, 0x000001c5b5e049f0,
0x000001c5b5e03cd0, 0x000001c5b5e05080, 0x000001c5b5e04360, 0x000001c5b5e03640,
0x000001c5af925a30
}

Java Threads: ( => current thread )
  0x000001c581de1340 JavaThread "main"                              [_thread_blocked, id=20220, stack(0x0000000c55500000,0x0000000c55600000) (1024K)]
  0x000001c599b23ca0 JavaThread "Common-Cleaner"             daemon [_thread_blocked, id=15768, stack(0x0000000c55d00000,0x0000000c55e00000) (1024K)]
  0x000001c599b4a220 JavaThread "Reference Handler"          daemon [_thread_blocked, id=21072, stack(0x0000000c55e00000,0x0000000c55f00000) (1024K)]
  0x000001c599b36370 JavaThread "Finalizer"                  daemon [_thread_blocked, id=21348, stack(0x0000000c55f00000,0x0000000c56000000) (1024K)]
  0x000001c599b6f1f0 JavaThread "Signal Dispatcher"          daemon [_thread_blocked, id=19792, stack(0x0000000c56000000,0x0000000c56100000) (1024K)]
  0x000001c599b70260 JavaThread "Attach Listener"            daemon [_thread_blocked, id=16428, stack(0x0000000c56100000,0x0000000c56200000) (1024K)]
  0x000001c599b78cd0 JavaThread "Service Thread"             daemon [_thread_blocked, id=21876, stack(0x0000000c56200000,0x0000000c56300000) (1024K)]
  0x000001c599b7a740 JavaThread "Monitor Deflation Thread"   daemon [_thread_blocked, id=15400, stack(0x0000000c56300000,0x0000000c56400000) (1024K)]
  0x000001c599b7e9d0 JavaThread "C2 CompilerThread0"         daemon [_thread_blocked, id=21084, stack(0x0000000c56400000,0x0000000c56500000) (1024K)]
  0x000001c599b85490 JavaThread "C1 CompilerThread0"         daemon [_thread_blocked, id=21200, stack(0x0000000c56500000,0x0000000c56600000) (1024K)]
  0x000001c59e0e44e0 JavaThread "Notification Thread"        daemon [_thread_blocked, id=21376, stack(0x0000000c56600000,0x0000000c56700000) (1024K)]
  0x000001c59e0e5200 JavaThread "Daemon health stats"               [_thread_blocked, id=21956, stack(0x0000000c56d00000,0x0000000c56e00000) (1024K)]
  0x000001c59e0e5f20 JavaThread "Incoming local TCP Connector on port 55836"        [_thread_in_native, id=21964, stack(0x0000000c56e00000,0x0000000c56f00000) (1024K)]
  0x000001c59e0e37c0 JavaThread "Daemon periodic checks"            [_thread_blocked, id=21968, stack(0x0000000c56f00000,0x0000000c57000000) (1024K)]
  0x000001c59ee7f000 JavaThread "Cache worker for journal cache (C:\Users\Lenovo\.gradle\caches\journal-1)"        [_thread_blocked, id=8912, stack(0x0000000c57e00000,0x0000000c57f00000) (1024K)]
  0x000001c59ee7f690 JavaThread "File lock request listener"        [_thread_in_native, id=22412, stack(0x0000000c57f00000,0x0000000c58000000) (1024K)]
  0x000001c59ee7bb80 JavaThread "Cache worker for file hash cache (C:\Users\Lenovo\.gradle\caches\9.4.1\fileHashes)"        [_thread_blocked, id=6952, stack(0x0000000c58000000,0x0000000c58100000) (1024K)]
  0x000001c59ee803b0 JavaThread "Cache worker for file content cache (C:\Users\Lenovo\.gradle\caches\9.4.1\fileContent)"        [_thread_blocked, id=20280, stack(0x0000000c58300000,0x0000000c58400000) (1024K)]
  0x000001c5a2173e00 JavaThread "File watcher server"        daemon [_thread_blocked, id=17620, stack(0x0000000c58400000,0x0000000c58500000) (1024K)]
  0x000001c5a2175840 JavaThread "File watcher consumer"      daemon [_thread_blocked, id=17732, stack(0x0000000c58500000,0x0000000c58600000) (1024K)]
  0x000001c5a1c495a0 JavaThread "Memory manager"                    [_thread_blocked, id=20592, stack(0x0000000c58d00000,0x0000000c58e00000) (1024K)]
  0x000001c5a45226c0 JavaThread "pool-2-thread-1"                   [_thread_blocked, id=18664, stack(0x0000000c5a600000,0x0000000c5a700000) (1024K)]
  0x000001c5a29e2eb0 JavaThread "DefaultDispatcher-worker-1" daemon [_thread_blocked, id=19748, stack(0x0000000c58800000,0x0000000c58900000) (1024K)]
  0x000001c5a450e330 JavaThread "DefaultDispatcher-worker-2" daemon [_thread_blocked, id=22056, stack(0x0000000c5a700000,0x0000000c5a800000) (1024K)]
  0x000001c5a45117b0 JavaThread "DefaultDispatcher-worker-3" daemon [_thread_blocked, id=21476, stack(0x0000000c5a800000,0x0000000c5a900000) (1024K)]
  0x000001c5a47625e0 JavaThread "Periodic tasks thread"      daemon [_thread_blocked, id=2176, stack(0x0000000c5aa00000,0x0000000c5ab00000) (1024K)]
  0x000001c59f50b900 JavaThread "ApplicationImpl pooled thread 1"        [_thread_blocked, id=3136, stack(0x0000000c5ab00000,0x0000000c5ac00000) (1024K)]
  0x000001c5a47653d0 JavaThread "Java2D Disposer"            daemon [_thread_blocked, id=2636, stack(0x0000000c5ac00000,0x0000000c5ad00000) (1024K)]
  0x000001c5a475e440 JavaThread "AWT-Windows"                daemon [_thread_in_native, id=16676, stack(0x0000000c5ae00000,0x0000000c5af00000) (1024K)]
  0x000001c5a5b0c480 JavaThread "RMI Scheduler(0)"           daemon [_thread_blocked, id=12632, stack(0x0000000c5a900000,0x0000000c5aa00000) (1024K)]
  0x000001c5a5b09d20 JavaThread "RMI GC Daemon"              daemon [_thread_blocked, id=2660, stack(0x0000000c5b200000,0x0000000c5b300000) (1024K)]
  0x000001c5a5b05b80 JavaThread "RMI TCP Accept-0"           daemon [_thread_in_native, id=13016, stack(0x0000000c5b300000,0x0000000c5b400000) (1024K)]
  0x000001c5a5b08970 JavaThread "RMI Reaper"                        [_thread_blocked, id=14936, stack(0x0000000c5b400000,0x0000000c5b500000) (1024K)]
  0x000001c5a4b2e330 JavaThread "pool-6-thread-1"                   [_thread_blocked, id=2616, stack(0x0000000c59900000,0x0000000c59a00000) (1024K)]
  0x000001c5a4b35950 JavaThread "DefaultDispatcher-worker-4" daemon [_thread_blocked, id=312, stack(0x0000000c59b00000,0x0000000c59c00000) (1024K)]
  0x000001c5afe38a90 JavaThread "pool-9-thread-1"                   [_thread_blocked, id=1768, stack(0x0000000c59a00000,0x0000000c59b00000) (1024K)]
  0x000001c5b5b0f6c0 JavaThread "pool-12-thread-1"                  [_thread_blocked, id=22476, stack(0x0000000c5a000000,0x0000000c5a100000) (1024K)]
  0x000001c5b041d1e0 JavaThread "pool-15-thread-1"                  [_thread_blocked, id=14356, stack(0x0000000c59d00000,0x0000000c59e00000) (1024K)]
  0x000001c5aaa63a90 JavaThread "pool-18-thread-1"                  [_thread_blocked, id=17960, stack(0x0000000c59e00000,0x0000000c59f00000) (1024K)]
  0x000001c5b68884e0 JavaThread "pool-21-thread-1"                  [_thread_blocked, id=7668, stack(0x0000000c59800000,0x0000000c59900000) (1024K)]
  0x000001c5b5b12b40 JavaThread "pool-24-thread-1"                  [_thread_blocked, id=20628, stack(0x0000000c5a400000,0x0000000c5a500000) (1024K)]
  0x000001c5aaa63400 JavaThread "pool-27-thread-1"                  [_thread_blocked, id=5128, stack(0x0000000c5b000000,0x0000000c5b100000) (1024K)]
  0x000001c5b5ab8160 JavaThread "pool-30-thread-1"                  [_thread_blocked, id=22452, stack(0x0000000c5a500000,0x0000000c5a600000) (1024K)]
  0x000001c5b591ba00 JavaThread "pool-33-thread-1"                  [_thread_blocked, id=2468, stack(0x0000000c5a200000,0x0000000c5a300000) (1024K)]
  0x000001c5b61c8a50 JavaThread "pool-36-thread-1"                  [_thread_blocked, id=18168, stack(0x0000000c5a100000,0x0000000c5a200000) (1024K)]
  0x000001c5ba16fe60 JavaThread "pool-39-thread-1"                  [_thread_blocked, id=19808, stack(0x0000000c59f00000,0x0000000c5a000000) (1024K)]
  0x000001c5b68a44e0 JavaThread "pool-42-thread-1"                  [_thread_blocked, id=8644, stack(0x0000000c5ad00000,0x0000000c5ae00000) (1024K)]
  0x000001c5afb66ba0 JavaThread "pool-44-thread-1"                  [_thread_blocked, id=7172, stack(0x0000000c5af00000,0x0000000c5b000000) (1024K)]
  0x000001c5b5a299f0 JavaThread "pool-47-thread-1"                  [_thread_blocked, id=12496, stack(0x0000000c5b600000,0x0000000c5b700000) (1024K)]
  0x000001c5aaa60ca0 JavaThread "pool-50-thread-1"                  [_thread_blocked, id=3260, stack(0x0000000c5a300000,0x0000000c5a400000) (1024K)]
  0x000001c5afb685e0 JavaThread "pool-53-thread-1"                  [_thread_blocked, id=20508, stack(0x0000000c5b500000,0x0000000c5b600000) (1024K)]
  0x000001c5afb62a00 JavaThread "pool-56-thread-1"                  [_thread_blocked, id=10620, stack(0x0000000c5b100000,0x0000000c5b200000) (1024K)]
  0x000001c5b5ab87f0 JavaThread "pool-58-thread-1"                  [_thread_blocked, id=19188, stack(0x0000000c5ba00000,0x0000000c5bb00000) (1024K)]
  0x000001c5b0374450 JavaThread "pool-60-thread-1"                  [_thread_blocked, id=20196, stack(0x0000000c5b800000,0x0000000c5b900000) (1024K)]
  0x000001c5b0374ae0 JavaThread "pool-63-thread-1"                  [_thread_blocked, id=21944, stack(0x0000000c59700000,0x0000000c59800000) (1024K)]
  0x000001c5afb68c70 JavaThread "RMI TCP Connection(86)-127.0.0.1" daemon [_thread_in_native, id=20624, stack(0x0000000c55200000,0x0000000c55300000) (1024K)]
  0x000001c5af75a7e0 JavaThread "Daemon Thread 17"                  [_thread_blocked, id=12716, stack(0x0000000c55300000,0x0000000c55400000) (1024K)]
  0x000001c5b6887e50 JavaThread "Daemon worker Thread 17"           [_thread_blocked, id=21672, stack(0x0000000c56800000,0x0000000c56900000) (1024K)]
  0x000001c5b94b1410 JavaThread "pool-66-thread-1"                  [_thread_blocked, id=17952, stack(0x0000000c5b700000,0x0000000c5b800000) (1024K)]
  0x000001c5b5493ac0 JavaThread "RMI TCP Connection(idle)"   daemon [_thread_blocked, id=6688, stack(0x0000000c5bf00000,0x0000000c5c000000) (1024K)]
  0x000001c5b5aba230 JavaThread "VFS cleanup Thread 18"             [_thread_blocked, id=3760, stack(0x0000000c57000000,0x0000000c57100000) (1024K)]
  0x000001c5b964c920 JavaThread "pool-68-thread-1"                  [_thread_blocked, id=2056, stack(0x0000000c5bb00000,0x0000000c5bc00000) (1024K)]
  0x000001c5b5a2b430 JavaThread "RMI TCP Connection(idle)"   daemon [_thread_blocked, id=20596, stack(0x0000000c5c200000,0x0000000c5c300000) (1024K)]
  0x000001c5b964aee0 JavaThread "Handler for socket connection from /127.0.0.1:55836 to /127.0.0.1:58127"        [_thread_in_native, id=19252, stack(0x0000000c57100000,0x0000000c57200000) (1024K)]
  0x000001c5b964b570 JavaThread "Cancel handler"                    [_thread_blocked, id=15596, stack(0x0000000c57200000,0x0000000c57300000) (1024K)]
  0x000001c5b964a1c0 JavaThread "Asynchronous log dispatcher for DefaultDaemonConnection: socket connection from /127.0.0.1:55836 to /127.0.0.1:58127"        [_thread_blocked, id=5904, stack(0x0000000c57300000,0x0000000c57400000) (1024K)]
  0x000001c5b964c290 JavaThread "Stdin handler"                     [_thread_blocked, id=20348, stack(0x0000000c57b00000,0x0000000c57c00000) (1024K)]
  0x000001c5b964cfb0 JavaThread "Daemon client event forwarder"        [_thread_blocked, id=17972, stack(0x0000000c57c00000,0x0000000c57d00000) (1024K)]
  0x000001c5b8f380b0 JavaThread "Cache worker for file hash cache (D:\AndroidStudioProjects\MinLishMobile\.gradle\9.4.1\fileHashes)"        [_thread_blocked, id=18892, stack(0x0000000c57d00000,0x0000000c57e00000) (1024K)]
  0x000001c5b8f37a20 JavaThread "Cache worker for checksums cache (D:\AndroidStudioProjects\MinLishMobile\.gradle\9.4.1\checksums)"        [_thread_blocked, id=13244, stack(0x0000000c58100000,0x0000000c58200000) (1024K)]
  0x000001c5b8f38740 JavaThread "Cache worker for Build Output Cleanup Cache (D:\AndroidStudioProjects\MinLishMobile\.gradle\buildOutputCleanup)"        [_thread_blocked, id=9012, stack(0x0000000c58200000,0x0000000c58300000) (1024K)]
  0x000001c5b94b1aa0 JavaThread "Cache worker for cache directory md-supplier (C:\Users\Lenovo\.gradle\caches\9.4.1\md-supplier)"        [_thread_blocked, id=19032, stack(0x0000000c58600000,0x0000000c58700000) (1024K)]
  0x000001c5b94b2130 JavaThread "Cache worker for cache directory md-rule (C:\Users\Lenovo\.gradle\caches\9.4.1\md-rule)"        [_thread_blocked, id=18792, stack(0x0000000c58700000,0x0000000c58800000) (1024K)]
  0x000001c5b8f35fe0 JavaThread "build event listener"              [_thread_blocked, id=20136, stack(0x0000000c58a00000,0x0000000c58b00000) (1024K)]
  0x000001c5b8f38dd0 JavaThread "build event listener"              [_thread_blocked, id=18824, stack(0x0000000c58b00000,0x0000000c58c00000) (1024K)]
  0x000001c5b8f35950 JavaThread "build event listener"              [_thread_blocked, id=18560, stack(0x0000000c58c00000,0x0000000c58d00000) (1024K)]
  0x000001c5b8f36670 JavaThread "Build operations"                  [_thread_blocked, id=10796, stack(0x0000000c58e00000,0x0000000c58f00000) (1024K)]
  0x000001c5b94b34e0 JavaThread "included builds"                   [_thread_blocked, id=19224, stack(0x0000000c58900000,0x0000000c58a00000) (1024K)]
  0x000001c5b5492710 JavaThread "Execution worker"                  [_thread_blocked, id=19388, stack(0x0000000c58f00000,0x0000000c59000000) (1024K)]
  0x000001c5b5492da0 JavaThread "Execution worker Thread 2"         [_thread_blocked, id=19652, stack(0x0000000c59000000,0x0000000c59100000) (1024K)]
  0x000001c5b5493430 JavaThread "Execution worker Thread 3"         [_thread_blocked, id=19732, stack(0x0000000c59100000,0x0000000c59200000) (1024K)]
  0x000001c5b5494150 JavaThread "Execution worker Thread 4"         [_thread_blocked, id=22504, stack(0x0000000c59200000,0x0000000c59300000) (1024K)]
  0x000001c5b5495500 JavaThread "Execution worker Thread 5"         [_thread_blocked, id=19216, stack(0x0000000c59300000,0x0000000c59400000) (1024K)]
  0x000001c5b5b0fd50 JavaThread "Execution worker Thread 6"         [_thread_blocked, id=4700, stack(0x0000000c59400000,0x0000000c59500000) (1024K)]
  0x000001c5b5aba8c0 JavaThread "Cache worker for execution history cache (D:\AndroidStudioProjects\MinLishMobile\.gradle\9.4.1\executionHistory)"        [_thread_blocked, id=16448, stack(0x0000000c59500000,0x0000000c59600000) (1024K)]
  0x000001c5b5b103e0 JavaThread "Execution worker Thread 7"         [_thread_blocked, id=7508, stack(0x0000000c59600000,0x0000000c59700000) (1024K)]
  0x000001c5b5b11100 JavaThread "Execution worker Thread 8"         [_thread_blocked, id=13364, stack(0x0000000c59c00000,0x0000000c59d00000) (1024K)]
  0x000001c5b5b124b0 JavaThread "Execution worker Thread 9"         [_thread_blocked, id=21560, stack(0x0000000c5b900000,0x0000000c5ba00000) (1024K)]
  0x000001c5b5b10a70 JavaThread "Execution worker Thread 10"        [_thread_blocked, id=19108, stack(0x0000000c5bc00000,0x0000000c5bd00000) (1024K)]
  0x000001c5b5b11e20 JavaThread "Execution worker Thread 11"        [_thread_blocked, id=20016, stack(0x0000000c5bd00000,0x0000000c5be00000) (1024K)]
  0x000001c5b02e0670 JavaThread "pool-70-thread-1"                  [_thread_blocked, id=3696, stack(0x0000000c5be00000,0x0000000c5bf00000) (1024K)]
  0x000001c5b528ea90 JavaThread "WorkerExecutor Queue"              [_thread_blocked, id=19720, stack(0x0000000c5c000000,0x0000000c5c100000) (1024K)]
  0x000001c5b5a2bac0 JavaThread "WorkerExecutor Queue Thread 2"        [_thread_blocked, id=15164, stack(0x0000000c5c400000,0x0000000c5c500000) (1024K)]
  0x000001c5afb63090 JavaThread "RMI TCP Connection(idle)"   daemon [_thread_blocked, id=17420, stack(0x0000000c5c600000,0x0000000c5c700000) (1024K)]
  0x000001c5afb63db0 JavaThread "RMI TCP Connection(idle)"   daemon [_thread_blocked, id=20444, stack(0x0000000c5c700000,0x0000000c5c800000) (1024K)]
  0x000001c5aaa61330 JavaThread "Build operations Thread 2"         [_thread_blocked, id=6148, stack(0x0000000c5c100000,0x0000000c5c200000) (1024K)]
  0x000001c5aaa619c0 JavaThread "Build operations Thread 3"         [_thread_blocked, id=13864, stack(0x0000000c5c300000,0x0000000c5c400000) (1024K)]
  0x000001c5aaa626e0 JavaThread "Build operations Thread 4"         [_thread_blocked, id=3632, stack(0x0000000c5c800000,0x0000000c5c900000) (1024K)]
  0x000001c5aaa62d70 JavaThread "Build operations Thread 5"         [_thread_blocked, id=14672, stack(0x0000000c5c900000,0x0000000c5ca00000) (1024K)]
  0x000001c5b6685b30 JavaThread "Build operations Thread 6"         [_thread_blocked, id=16340, stack(0x0000000c5ca00000,0x0000000c5cb00000) (1024K)]
  0x000001c5b6684e10 JavaThread "Build operations Thread 7"         [_thread_blocked, id=3036, stack(0x0000000c5cb00000,0x0000000c5cc00000) (1024K)]
  0x000001c5b66861c0 JavaThread "Build operations Thread 8"         [_thread_blocked, id=7588, stack(0x0000000c5cc00000,0x0000000c5cd00000) (1024K)]
  0x000001c5b66854a0 JavaThread "Build operations Thread 9"         [_thread_blocked, id=17260, stack(0x0000000c5cd00000,0x0000000c5ce00000) (1024K)]
  0x000001c5b6a8c3a0 JavaThread "Build operations Thread 10"        [_thread_blocked, id=1700, stack(0x0000000c5ce00000,0x0000000c5cf00000) (1024K)]
  0x000001c5b6a8d0c0 JavaThread "Build operations Thread 11"        [_thread_blocked, id=2820, stack(0x0000000c5cf00000,0x0000000c5d000000) (1024K)]
  0x000001c5b6a8bd10 JavaThread "Build operations Thread 12"        [_thread_blocked, id=14640, stack(0x0000000c5d000000,0x0000000c5d100000) (1024K)]
  0x000001c5a5b54790 JavaThread "C2 CompilerThread1"         daemon [_thread_blocked, id=13412, stack(0x0000000c5d100000,0x0000000c5d200000) (1024K)]
  0x000001c5b74d2000 JavaThread "WorkerExecutor Queue Thread 3"        [_thread_blocked, id=4948, stack(0x0000000c5d200000,0x0000000c5d300000) (1024K)]
  0x000001c5b74d12e0 JavaThread "WorkerExecutor Queue Thread 4"        [_thread_blocked, id=17248, stack(0x0000000c5d300000,0x0000000c5d400000) (1024K)]
  0x000001c5b74d0c50 JavaThread "WorkerExecutor Queue Thread 5"        [_thread_blocked, id=6272, stack(0x0000000c5d400000,0x0000000c5d500000) (1024K)]
  0x000001c5b5e02290 JavaThread "WorkerExecutor Queue Thread 6"        [_thread_blocked, id=6724, stack(0x0000000c5d500000,0x0000000c5d600000) (1024K)]
  0x000001c5b5e049f0 JavaThread "WorkerExecutor Queue Thread 7"        [_thread_blocked, id=7364, stack(0x0000000c5d600000,0x0000000c5d700000) (1024K)]
  0x000001c5b5e03cd0 JavaThread "WorkerExecutor Queue Thread 8"        [_thread_blocked, id=15448, stack(0x0000000c5d700000,0x0000000c5d800000) (1024K)]
  0x000001c5b5e05080 JavaThread "WorkerExecutor Queue Thread 9"        [_thread_blocked, id=6196, stack(0x0000000c5d800000,0x0000000c5d900000) (1024K)]
  0x000001c5b5e04360 JavaThread "WorkerExecutor Queue Thread 10"        [_thread_blocked, id=21620, stack(0x0000000c5d900000,0x0000000c5da00000) (1024K)]
  0x000001c5b5e03640 JavaThread "WorkerExecutor Queue Thread 11"        [_thread_blocked, id=15996, stack(0x0000000c5da00000,0x0000000c5db00000) (1024K)]
  0x000001c5af925a30 JavaThread "WorkerExecutor Queue Thread 13"        [_thread_blocked, id=1992, stack(0x0000000c5dc00000,0x0000000c5dd00000) (1024K)]
Total: 117

Other Threads:
=>0x000001c599a99460 VMThread "VM Thread"                           [id=21880, stack(0x0000000c55c00000,0x0000000c55d00000) (1024K)]
  0x000001c59992efa0 WatcherThread "VM Periodic Task Thread"        [id=16060, stack(0x0000000c55b00000,0x0000000c55c00000) (1024K)]
  0x000001c581e39620 WorkerThread "GC Thread#0"                     [id=12476, stack(0x0000000c55600000,0x0000000c55700000) (1024K)]
  0x000001c59e92f4e0 WorkerThread "GC Thread#1"                     [id=21752, stack(0x0000000c56900000,0x0000000c56a00000) (1024K)]
  0x000001c59ea5ba60 WorkerThread "GC Thread#2"                     [id=21756, stack(0x0000000c56a00000,0x0000000c56b00000) (1024K)]
  0x000001c59ea5be10 WorkerThread "GC Thread#3"                     [id=21780, stack(0x0000000c56b00000,0x0000000c56c00000) (1024K)]
  0x000001c59e92f890 WorkerThread "GC Thread#4"                     [id=21732, stack(0x0000000c56c00000,0x0000000c56d00000) (1024K)]
  0x000001c5a0f8a3f0 WorkerThread "GC Thread#5"                     [id=3948, stack(0x0000000c57400000,0x0000000c57500000) (1024K)]
  0x000001c5a1198e20 WorkerThread "GC Thread#6"                     [id=13768, stack(0x0000000c57500000,0x0000000c57600000) (1024K)]
  0x000001c5a1197a40 WorkerThread "GC Thread#7"                     [id=22008, stack(0x0000000c57600000,0x0000000c57700000) (1024K)]
  0x000001c5a1197df0 WorkerThread "GC Thread#8"                     [id=22012, stack(0x0000000c57700000,0x0000000c57800000) (1024K)]
  0x000001c5a11981a0 WorkerThread "GC Thread#9"                     [id=19000, stack(0x0000000c57800000,0x0000000c57900000) (1024K)]
  0x000001c581e4a610 ConcurrentGCThread "G1 Main Marker"            [id=22000, stack(0x0000000c55700000,0x0000000c55800000) (1024K)]
  0x000001c581e4b290 WorkerThread "G1 Conc#0"                       [id=21764, stack(0x0000000c55800000,0x0000000c55900000) (1024K)]
  0x000001c5a13a1fa0 WorkerThread "G1 Conc#1"                       [id=21996, stack(0x0000000c57900000,0x0000000c57a00000) (1024K)]
  0x000001c59f790140 WorkerThread "G1 Conc#2"                       [id=20992, stack(0x0000000c57a00000,0x0000000c57b00000) (1024K)]
  0x000001c581e9e8e0 ConcurrentGCThread "G1 Refine#0"               [id=12560, stack(0x0000000c55900000,0x0000000c55a00000) (1024K)]
  0x000001c599805830 ConcurrentGCThread "G1 Service"                [id=13272, stack(0x0000000c55a00000,0x0000000c55b00000) (1024K)]
Total: 18

Threads with active compile tasks:
C2 CompilerThread0  3963576 59709       4       com.android.tools.r8.internal.n21::a (55 bytes)
C2 CompilerThread1  3963576 59684       4       com.android.tools.r8.graph.l6::a (6 bytes)
Total: 2

VM state: at safepoint (normal execution)

VM Mutex/Monitor currently owned by a thread:  ([mutex/lock_event])
[0x00007ffe955c86d0] Threads_lock - owner thread: 0x000001c599a99460
[0x00007ffe955c87d0] Heap_lock - owner thread: 0x000001c5a2175840

Heap address: 0x0000000080000000, size: 2048 MB, Compressed Oops mode: 32-bit

CDS archive(s) not mapped
Compressed class space mapped at: 0x0000000100000000-0x0000000140000000, reserved size: 1073741824
Narrow klass base: 0x0000000000000000, Narrow klass shift: 3, Narrow klass range: 0x140000000

GC Precious Log:
 CardTable entry size: 512
 Card Set container configuration: InlinePtr #cards 5 size 8 Array Of Cards #cards 12 size 40 Howl #buckets 4 coarsen threshold 1843 Howl Bitmap #cards 512 size 80 coarsen threshold 460 Card regions per heap region 1 cards per card region 2048
 CPUs: 12 total, 12 available
 Memory: 14181M
 Large Page Support: Disabled
 NUMA Support: Disabled
 Compressed Oops: Enabled (32-bit)
 Heap Region Size: 1M
 Heap Min Capacity: 8M
 Heap Initial Capacity: 222M
 Heap Max Capacity: 2G
 Pre-touch: Disabled
 Parallel Workers: 10
 Concurrent Workers: 3
 Concurrent Refinement Workers: 10
 Periodic GC: Disabled

Heap:
 garbage-first heap   total 529408K, used 167546K [0x0000000080000000, 0x0000000100000000)
  region size 1024K, 16 young (16384K), 16 survivors (16384K)
 Metaspace       used 194462K, committed 198528K, reserved 1245184K
  class space    used 24378K, committed 26368K, reserved 1048576K

Heap Regions: E=young(eden), S=young(survivor), O=old, HS=humongous(starts), HC=humongous(continues), CS=collection set, F=free, TAMS=top-at-mark-start, PB=parsable bottom
|   0|0x0000000080000000, 0x0000000080100000, 0x0000000080100000|100%|HS|  |TAMS 0x0000000080000000| PB 0x0000000080000000| Complete 
|   1|0x0000000080100000, 0x0000000080200000, 0x0000000080200000|100%|HC|  |TAMS 0x0000000080100000| PB 0x0000000080100000| Complete 
|   2|0x0000000080200000, 0x0000000080300000, 0x0000000080300000|100%|HC|  |TAMS 0x0000000080200000| PB 0x0000000080200000| Complete 
|   3|0x0000000080300000, 0x0000000080400000, 0x0000000080400000|100%|HC|  |TAMS 0x0000000080300000| PB 0x0000000080300000| Complete 
|   4|0x0000000080400000, 0x0000000080500000, 0x0000000080500000|100%| O|  |TAMS 0x0000000080400000| PB 0x0000000080400000| Untracked 
|   5|0x0000000080500000, 0x0000000080600000, 0x0000000080600000|100%| O|  |TAMS 0x0000000080500000| PB 0x0000000080500000| Untracked 
|   6|0x0000000080600000, 0x0000000080700000, 0x0000000080700000|100%| O|  |TAMS 0x0000000080600000| PB 0x0000000080600000| Untracked 
|   7|0x0000000080700000, 0x0000000080800000, 0x0000000080800000|100%| O|  |TAMS 0x0000000080700000| PB 0x0000000080700000| Untracked 
|   8|0x0000000080800000, 0x0000000080900000, 0x0000000080900000|100%| O|  |TAMS 0x0000000080800000| PB 0x0000000080800000| Untracked 
|   9|0x0000000080900000, 0x0000000080a00000, 0x0000000080a00000|100%| O|  |TAMS 0x0000000080900000| PB 0x0000000080900000| Untracked 
|  10|0x0000000080a00000, 0x0000000080b00000, 0x0000000080b00000|100%| O|  |TAMS 0x0000000080a00000| PB 0x0000000080a00000| Untracked 
|  11|0x0000000080b00000, 0x0000000080c00000, 0x0000000080c00000|100%|HS|  |TAMS 0x0000000080b00000| PB 0x0000000080b00000| Complete 
|  12|0x0000000080c00000, 0x0000000080d00000, 0x0000000080d00000|100%| O|  |TAMS 0x0000000080c00000| PB 0x0000000080c00000| Untracked 
|  13|0x0000000080d00000, 0x0000000080e00000, 0x0000000080e00000|100%| O|  |TAMS 0x0000000080d00000| PB 0x0000000080d00000| Untracked 
|  14|0x0000000080e00000, 0x0000000080f00000, 0x0000000080f00000|100%| O|  |TAMS 0x0000000080e00000| PB 0x0000000080e00000| Untracked 
|  15|0x0000000080f00000, 0x0000000081000000, 0x0000000081000000|100%| O|  |TAMS 0x0000000080f00000| PB 0x0000000080f00000| Untracked 
|  16|0x0000000081000000, 0x0000000081100000, 0x0000000081100000|100%| O|  |TAMS 0x0000000081000000| PB 0x0000000081000000| Untracked 
|  17|0x0000000081100000, 0x0000000081200000, 0x0000000081200000|100%| O|  |TAMS 0x0000000081100000| PB 0x0000000081100000| Untracked 
|  18|0x0000000081200000, 0x0000000081300000, 0x0000000081300000|100%| O|  |TAMS 0x0000000081200000| PB 0x0000000081200000| Untracked 
|  19|0x0000000081300000, 0x0000000081400000, 0x0000000081400000|100%| O|  |TAMS 0x0000000081300000| PB 0x0000000081300000| Untracked 
|  20|0x0000000081400000, 0x0000000081500000, 0x0000000081500000|100%| O|  |TAMS 0x0000000081400000| PB 0x0000000081400000| Untracked 
|  21|0x0000000081500000, 0x0000000081600000, 0x0000000081600000|100%| O|  |TAMS 0x0000000081500000| PB 0x0000000081500000| Untracked 
|  22|0x0000000081600000, 0x0000000081700000, 0x0000000081700000|100%| O|  |TAMS 0x0000000081600000| PB 0x0000000081600000| Untracked 
|  23|0x0000000081700000, 0x0000000081800000, 0x0000000081800000|100%| O|  |TAMS 0x0000000081700000| PB 0x0000000081700000| Untracked 
|  24|0x0000000081800000, 0x0000000081900000, 0x0000000081900000|100%|HS|  |TAMS 0x0000000081800000| PB 0x0000000081800000| Complete 
|  25|0x0000000081900000, 0x0000000081a00000, 0x0000000081a00000|100%|HS|  |TAMS 0x0000000081900000| PB 0x0000000081900000| Complete 
|  26|0x0000000081a00000, 0x0000000081b00000, 0x0000000081b00000|100%|HS|  |TAMS 0x0000000081a00000| PB 0x0000000081a00000| Complete 
|  27|0x0000000081b00000, 0x0000000081c00000, 0x0000000081c00000|100%|HS|  |TAMS 0x0000000081b00000| PB 0x0000000081b00000| Complete 
|  28|0x0000000081c00000, 0x0000000081d00000, 0x0000000081d00000|100%|HC|  |TAMS 0x0000000081c00000| PB 0x0000000081c00000| Complete 
|  29|0x0000000081d00000, 0x0000000081e00000, 0x0000000081e00000|100%|HS|  |TAMS 0x0000000081d00000| PB 0x0000000081d00000| Complete 
|  30|0x0000000081e00000, 0x0000000081f00000, 0x0000000081f00000|100%|HS|  |TAMS 0x0000000081e00000| PB 0x0000000081e00000| Complete 
|  31|0x0000000081f00000, 0x0000000082000000, 0x0000000082000000|100%| O|  |TAMS 0x0000000081f00000| PB 0x0000000081f00000| Untracked 
|  32|0x0000000082000000, 0x0000000082100000, 0x0000000082100000|100%| O|  |TAMS 0x0000000082000000| PB 0x0000000082000000| Untracked 
|  33|0x0000000082100000, 0x0000000082200000, 0x0000000082200000|100%| O|  |TAMS 0x0000000082100000| PB 0x0000000082100000| Untracked 
|  34|0x0000000082200000, 0x0000000082300000, 0x0000000082300000|100%| O|  |TAMS 0x0000000082200000| PB 0x0000000082200000| Untracked 
|  35|0x0000000082300000, 0x0000000082400000, 0x0000000082400000|100%| O|  |TAMS 0x0000000082300000| PB 0x0000000082300000| Untracked 
|  36|0x0000000082400000, 0x0000000082500000, 0x0000000082500000|100%|HS|  |TAMS 0x0000000082400000| PB 0x0000000082400000| Complete 
|  37|0x0000000082500000, 0x0000000082600000, 0x0000000082600000|100%|HC|  |TAMS 0x0000000082500000| PB 0x0000000082500000| Complete 
|  38|0x0000000082600000, 0x0000000082700000, 0x0000000082700000|100%|HS|  |TAMS 0x0000000082600000| PB 0x0000000082600000| Complete 
|  39|0x0000000082700000, 0x0000000082800000, 0x0000000082800000|100%| O|  |TAMS 0x0000000082700000| PB 0x0000000082700000| Untracked 
|  40|0x0000000082800000, 0x0000000082900000, 0x0000000082900000|100%| O|  |TAMS 0x0000000082800000| PB 0x0000000082800000| Untracked 
|  41|0x0000000082900000, 0x0000000082a00000, 0x0000000082a00000|100%| O|  |TAMS 0x0000000082900000| PB 0x0000000082900000| Untracked 
|  42|0x0000000082a00000, 0x0000000082b00000, 0x0000000082b00000|100%| O|  |TAMS 0x0000000082a00000| PB 0x0000000082a00000| Untracked 
|  43|0x0000000082b00000, 0x0000000082c00000, 0x0000000082c00000|100%| O|  |TAMS 0x0000000082b00000| PB 0x0000000082b00000| Untracked 
|  44|0x0000000082c00000, 0x0000000082d00000, 0x0000000082d00000|100%| O|  |TAMS 0x0000000082c00000| PB 0x0000000082c00000| Untracked 
|  45|0x0000000082d00000, 0x0000000082e00000, 0x0000000082e00000|100%| O|  |TAMS 0x0000000082d00000| PB 0x0000000082d00000| Untracked 
|  46|0x0000000082e00000, 0x0000000082f00000, 0x0000000082f00000|100%| O|  |TAMS 0x0000000082e00000| PB 0x0000000082e00000| Untracked 
|  47|0x0000000082f00000, 0x0000000083000000, 0x0000000083000000|100%| O|  |TAMS 0x0000000082f00000| PB 0x0000000082f00000| Untracked 
|  48|0x0000000083000000, 0x0000000083100000, 0x0000000083100000|100%| O|  |TAMS 0x0000000083000000| PB 0x0000000083000000| Untracked 
|  49|0x0000000083100000, 0x0000000083200000, 0x0000000083200000|100%| O|  |TAMS 0x0000000083100000| PB 0x0000000083100000| Untracked 
|  50|0x0000000083200000, 0x0000000083300000, 0x0000000083300000|100%| O|  |TAMS 0x0000000083200000| PB 0x0000000083200000| Untracked 
|  51|0x0000000083300000, 0x0000000083400000, 0x0000000083400000|100%| O|  |TAMS 0x0000000083300000| PB 0x0000000083300000| Untracked 
|  52|0x0000000083400000, 0x0000000083500000, 0x0000000083500000|100%| O|  |TAMS 0x0000000083400000| PB 0x0000000083400000| Untracked 
|  53|0x0000000083500000, 0x0000000083600000, 0x0000000083600000|100%| O|  |TAMS 0x0000000083500000| PB 0x0000000083500000| Untracked 
|  54|0x0000000083600000, 0x0000000083700000, 0x0000000083700000|100%| O|  |TAMS 0x0000000083600000| PB 0x0000000083600000| Untracked 
|  55|0x0000000083700000, 0x0000000083800000, 0x0000000083800000|100%| O|  |TAMS 0x0000000083700000| PB 0x0000000083700000| Untracked 
|  56|0x0000000083800000, 0x0000000083900000, 0x0000000083900000|100%| O|  |TAMS 0x0000000083800000| PB 0x0000000083800000| Untracked 
|  57|0x0000000083900000, 0x0000000083a00000, 0x0000000083a00000|100%| O|  |TAMS 0x0000000083900000| PB 0x0000000083900000| Untracked 
|  58|0x0000000083a00000, 0x0000000083b00000, 0x0000000083b00000|100%| O|  |TAMS 0x0000000083a00000| PB 0x0000000083a00000| Untracked 
|  59|0x0000000083b00000, 0x0000000083b6a9a0, 0x0000000083c00000| 41%| O|  |TAMS 0x0000000083b00000| PB 0x0000000083b00000| Untracked 
|  60|0x0000000083c00000, 0x0000000083c00000, 0x0000000083d00000|  0%| F|  |TAMS 0x0000000083c00000| PB 0x0000000083c00000| Untracked 
|  61|0x0000000083d00000, 0x0000000083e00000, 0x0000000083e00000|100%| O|  |TAMS 0x0000000083d00000| PB 0x0000000083d00000| Untracked 
|  62|0x0000000083e00000, 0x0000000083f00000, 0x0000000083f00000|100%| O|  |TAMS 0x0000000083e00000| PB 0x0000000083e00000| Untracked 
|  63|0x0000000083f00000, 0x0000000084000000, 0x0000000084000000|100%| O|  |TAMS 0x0000000083f00000| PB 0x0000000083f00000| Untracked 
|  64|0x0000000084000000, 0x0000000084100000, 0x0000000084100000|100%| O|  |TAMS 0x0000000084000000| PB 0x0000000084000000| Untracked 
|  65|0x0000000084100000, 0x0000000084200000, 0x0000000084200000|100%| O|  |TAMS 0x0000000084100000| PB 0x0000000084100000| Untracked 
|  66|0x0000000084200000, 0x0000000084300000, 0x0000000084300000|100%| O|  |TAMS 0x0000000084200000| PB 0x0000000084200000| Untracked 
|  67|0x0000000084300000, 0x0000000084400000, 0x0000000084400000|100%| O|  |TAMS 0x0000000084300000| PB 0x0000000084300000| Untracked 
|  68|0x0000000084400000, 0x0000000084500000, 0x0000000084500000|100%| O|  |TAMS 0x0000000084400000| PB 0x0000000084400000| Untracked 
|  69|0x0000000084500000, 0x0000000084600000, 0x0000000084600000|100%| O|  |TAMS 0x0000000084500000| PB 0x0000000084500000| Untracked 
|  70|0x0000000084600000, 0x0000000084700000, 0x0000000084700000|100%| O|  |TAMS 0x0000000084600000| PB 0x0000000084600000| Untracked 
|  71|0x0000000084700000, 0x0000000084700000, 0x0000000084800000|  0%| F|  |TAMS 0x0000000084700000| PB 0x0000000084700000| Untracked 
|  72|0x0000000084800000, 0x0000000084800000, 0x0000000084900000|  0%| F|  |TAMS 0x0000000084800000| PB 0x0000000084800000| Untracked 
|  73|0x0000000084900000, 0x0000000084a00000, 0x0000000084a00000|100%| O|  |TAMS 0x0000000084900000| PB 0x0000000084900000| Untracked 
|  74|0x0000000084a00000, 0x0000000084b00000, 0x0000000084b00000|100%| O|  |TAMS 0x0000000084a00000| PB 0x0000000084a00000| Untracked 
|  75|0x0000000084b00000, 0x0000000084c00000, 0x0000000084c00000|100%| O|  |TAMS 0x0000000084b00000| PB 0x0000000084b00000| Untracked 
|  76|0x0000000084c00000, 0x0000000084d00000, 0x0000000084d00000|100%| O|  |TAMS 0x0000000084c00000| PB 0x0000000084c00000| Untracked 
|  77|0x0000000084d00000, 0x0000000084d00000, 0x0000000084e00000|  0%| F|  |TAMS 0x0000000084d00000| PB 0x0000000084d00000| Untracked 
|  78|0x0000000084e00000, 0x0000000084e00000, 0x0000000084f00000|  0%| F|  |TAMS 0x0000000084e00000| PB 0x0000000084e00000| Untracked 
|  79|0x0000000084f00000, 0x0000000085000000, 0x0000000085000000|100%| O|  |TAMS 0x0000000084f00000| PB 0x0000000084f00000| Untracked 
|  80|0x0000000085000000, 0x0000000085100000, 0x0000000085100000|100%| O|  |TAMS 0x0000000085000000| PB 0x0000000085000000| Untracked 
|  81|0x0000000085100000, 0x0000000085200000, 0x0000000085200000|100%| O|  |TAMS 0x0000000085100000| PB 0x0000000085100000| Untracked 
|  82|0x0000000085200000, 0x0000000085200000, 0x0000000085300000|  0%| F|  |TAMS 0x0000000085200000| PB 0x0000000085200000| Untracked 
|  83|0x0000000085300000, 0x0000000085300000, 0x0000000085400000|  0%| F|  |TAMS 0x0000000085300000| PB 0x0000000085300000| Untracked 
|  84|0x0000000085400000, 0x0000000085400000, 0x0000000085500000|  0%| F|  |TAMS 0x0000000085400000| PB 0x0000000085400000| Untracked 
|  85|0x0000000085500000, 0x0000000085600000, 0x0000000085600000|100%| O|  |TAMS 0x0000000085500000| PB 0x0000000085500000| Untracked 
|  86|0x0000000085600000, 0x0000000085700000, 0x0000000085700000|100%| O|  |TAMS 0x0000000085600000| PB 0x0000000085600000| Untracked 
|  87|0x0000000085700000, 0x0000000085800000, 0x0000000085800000|100%| O|  |TAMS 0x0000000085700000| PB 0x0000000085700000| Untracked 
|  88|0x0000000085800000, 0x0000000085900000, 0x0000000085900000|100%| O|  |TAMS 0x0000000085800000| PB 0x0000000085800000| Untracked 
|  89|0x0000000085900000, 0x0000000085a00000, 0x0000000085a00000|100%| O|  |TAMS 0x0000000085900000| PB 0x0000000085900000| Untracked 
|  90|0x0000000085a00000, 0x0000000085b00000, 0x0000000085b00000|100%| O|  |TAMS 0x0000000085a00000| PB 0x0000000085a00000| Untracked 
|  91|0x0000000085b00000, 0x0000000085b00000, 0x0000000085c00000|  0%| F|  |TAMS 0x0000000085b00000| PB 0x0000000085b00000| Untracked 
|  92|0x0000000085c00000, 0x0000000085c00000, 0x0000000085d00000|  0%| F|  |TAMS 0x0000000085c00000| PB 0x0000000085c00000| Untracked 
|  93|0x0000000085d00000, 0x0000000085e00000, 0x0000000085e00000|100%| O|  |TAMS 0x0000000085d00000| PB 0x0000000085d00000| Untracked 
|  94|0x0000000085e00000, 0x0000000085f00000, 0x0000000085f00000|100%| O|  |TAMS 0x0000000085e00000| PB 0x0000000085e00000| Untracked 
|  95|0x0000000085f00000, 0x0000000085f00000, 0x0000000086000000|  0%| F|  |TAMS 0x0000000085f00000| PB 0x0000000085f00000| Untracked 
|  96|0x0000000086000000, 0x0000000086000000, 0x0000000086100000|  0%| F|  |TAMS 0x0000000086000000| PB 0x0000000086000000| Untracked 
|  97|0x0000000086100000, 0x0000000086100000, 0x0000000086200000|  0%| F|  |TAMS 0x0000000086100000| PB 0x0000000086100000| Untracked 
|  98|0x0000000086200000, 0x0000000086200000, 0x0000000086300000|  0%| F|  |TAMS 0x0000000086200000| PB 0x0000000086200000| Untracked 
|  99|0x0000000086300000, 0x0000000086400000, 0x0000000086400000|100%| O|  |TAMS 0x0000000086300000| PB 0x0000000086300000| Untracked 
| 100|0x0000000086400000, 0x0000000086500000, 0x0000000086500000|100%| O|  |TAMS 0x0000000086400000| PB 0x0000000086400000| Untracked 
| 101|0x0000000086500000, 0x0000000086600000, 0x0000000086600000|100%| O|  |TAMS 0x0000000086500000| PB 0x0000000086500000| Untracked 
| 102|0x0000000086600000, 0x0000000086700000, 0x0000000086700000|100%| O|  |TAMS 0x0000000086600000| PB 0x0000000086600000| Untracked 
| 103|0x0000000086700000, 0x0000000086700000, 0x0000000086800000|  0%| F|  |TAMS 0x0000000086700000| PB 0x0000000086700000| Untracked 
| 104|0x0000000086800000, 0x0000000086800000, 0x0000000086900000|  0%| F|  |TAMS 0x0000000086800000| PB 0x0000000086800000| Untracked 
| 105|0x0000000086900000, 0x0000000086900000, 0x0000000086a00000|  0%| F|  |TAMS 0x0000000086900000| PB 0x0000000086900000| Untracked 
| 106|0x0000000086a00000, 0x0000000086b00000, 0x0000000086b00000|100%| O|  |TAMS 0x0000000086a00000| PB 0x0000000086a00000| Untracked 
| 107|0x0000000086b00000, 0x0000000086b00000, 0x0000000086c00000|  0%| F|  |TAMS 0x0000000086b00000| PB 0x0000000086b00000| Untracked 
| 108|0x0000000086c00000, 0x0000000086d00000, 0x0000000086d00000|100%| O|  |TAMS 0x0000000086c00000| PB 0x0000000086c00000| Untracked 
| 109|0x0000000086d00000, 0x0000000086e00000, 0x0000000086e00000|100%| O|  |TAMS 0x0000000086d00000| PB 0x0000000086d00000| Untracked 
| 110|0x0000000086e00000, 0x0000000086f00000, 0x0000000086f00000|100%| O|  |TAMS 0x0000000086e00000| PB 0x0000000086e00000| Untracked 
| 111|0x0000000086f00000, 0x0000000087000000, 0x0000000087000000|100%| O|  |TAMS 0x0000000086f00000| PB 0x0000000086f00000| Untracked 
| 112|0x0000000087000000, 0x0000000087100000, 0x0000000087100000|100%| O|  |TAMS 0x0000000087000000| PB 0x0000000087000000| Untracked 
| 113|0x0000000087100000, 0x0000000087100000, 0x0000000087200000|  0%| F|  |TAMS 0x0000000087100000| PB 0x0000000087100000| Untracked 
| 114|0x0000000087200000, 0x0000000087300000, 0x0000000087300000|100%|HS|  |TAMS 0x0000000087200000| PB 0x0000000087200000| Complete 
| 115|0x0000000087300000, 0x0000000087400000, 0x0000000087400000|100%|HC|  |TAMS 0x0000000087300000| PB 0x0000000087300000| Complete 
| 116|0x0000000087400000, 0x0000000087500000, 0x0000000087500000|100%|HC|  |TAMS 0x0000000087400000| PB 0x0000000087400000| Complete 
| 117|0x0000000087500000, 0x0000000087600000, 0x0000000087600000|100%|HC|  |TAMS 0x0000000087500000| PB 0x0000000087500000| Complete 
| 118|0x0000000087600000, 0x0000000087700000, 0x0000000087700000|100%|HC|  |TAMS 0x0000000087600000| PB 0x0000000087600000| Complete 
| 119|0x0000000087700000, 0x0000000087700000, 0x0000000087800000|  0%| F|  |TAMS 0x0000000087700000| PB 0x0000000087700000| Untracked 
| 120|0x0000000087800000, 0x0000000087800000, 0x0000000087900000|  0%| F|  |TAMS 0x0000000087800000| PB 0x0000000087800000| Untracked 
| 121|0x0000000087900000, 0x0000000087a00000, 0x0000000087a00000|100%| O|  |TAMS 0x0000000087900000| PB 0x0000000087900000| Untracked 
| 122|0x0000000087a00000, 0x0000000087b00000, 0x0000000087b00000|100%| O|  |TAMS 0x0000000087a00000| PB 0x0000000087a00000| Untracked 
| 123|0x0000000087b00000, 0x0000000087c00000, 0x0000000087c00000|100%| O|  |TAMS 0x0000000087b00000| PB 0x0000000087b00000| Untracked 
| 124|0x0000000087c00000, 0x0000000087d00000, 0x0000000087d00000|100%| O|  |TAMS 0x0000000087c00000| PB 0x0000000087c00000| Untracked 
| 125|0x0000000087d00000, 0x0000000087e00000, 0x0000000087e00000|100%| O|  |TAMS 0x0000000087d00000| PB 0x0000000087d00000| Untracked 
| 126|0x0000000087e00000, 0x0000000087f00000, 0x0000000087f00000|100%| O|  |TAMS 0x0000000087e00000| PB 0x0000000087e00000| Untracked 
| 127|0x0000000087f00000, 0x0000000088000000, 0x0000000088000000|100%| O|  |TAMS 0x0000000087f00000| PB 0x0000000087f00000| Untracked 
| 128|0x0000000088000000, 0x0000000088100000, 0x0000000088100000|100%| O|  |TAMS 0x0000000088000000| PB 0x0000000088000000| Untracked 
| 129|0x0000000088100000, 0x0000000088100000, 0x0000000088200000|  0%| F|  |TAMS 0x0000000088100000| PB 0x0000000088100000| Untracked 
| 130|0x0000000088200000, 0x0000000088200000, 0x0000000088300000|  0%| F|  |TAMS 0x0000000088200000| PB 0x0000000088200000| Untracked 
| 131|0x0000000088300000, 0x0000000088300000, 0x0000000088400000|  0%| F|  |TAMS 0x0000000088300000| PB 0x0000000088300000| Untracked 
| 132|0x0000000088400000, 0x0000000088400000, 0x0000000088500000|  0%| F|  |TAMS 0x0000000088400000| PB 0x0000000088400000| Untracked 
| 133|0x0000000088500000, 0x0000000088600000, 0x0000000088600000|100%| O|  |TAMS 0x0000000088500000| PB 0x0000000088500000| Untracked 
| 134|0x0000000088600000, 0x0000000088700000, 0x0000000088700000|100%|HS|  |TAMS 0x0000000088600000| PB 0x0000000088600000| Complete 
| 135|0x0000000088700000, 0x0000000088800000, 0x0000000088800000|100%| O|  |TAMS 0x0000000088700000| PB 0x0000000088700000| Untracked 
| 136|0x0000000088800000, 0x0000000088900000, 0x0000000088900000|100%| O|  |TAMS 0x0000000088800000| PB 0x0000000088800000| Untracked 
| 137|0x0000000088900000, 0x0000000088a00000, 0x0000000088a00000|100%| O|  |TAMS 0x0000000088900000| PB 0x0000000088900000| Untracked 
| 138|0x0000000088a00000, 0x0000000088b00000, 0x0000000088b00000|100%| O|  |TAMS 0x0000000088a00000| PB 0x0000000088a00000| Untracked 
| 139|0x0000000088b00000, 0x0000000088c00000, 0x0000000088c00000|100%| O|  |TAMS 0x0000000088b00000| PB 0x0000000088b00000| Untracked 
| 140|0x0000000088c00000, 0x0000000088c341d8, 0x0000000088d00000| 20%| S|CS|TAMS 0x0000000088c00000| PB 0x0000000088c00000| Complete 
| 141|0x0000000088d00000, 0x0000000088e00000, 0x0000000088e00000|100%| S|CS|TAMS 0x0000000088d00000| PB 0x0000000088d00000| Complete 
| 142|0x0000000088e00000, 0x0000000088f00000, 0x0000000088f00000|100%| O|  |TAMS 0x0000000088e00000| PB 0x0000000088e00000| Untracked 
| 143|0x0000000088f00000, 0x0000000089000000, 0x0000000089000000|100%| S|CS|TAMS 0x0000000088f00000| PB 0x0000000088f00000| Complete 
| 144|0x0000000089000000, 0x0000000089100000, 0x0000000089100000|100%| S|CS|TAMS 0x0000000089000000| PB 0x0000000089000000| Complete 
| 145|0x0000000089100000, 0x0000000089200000, 0x0000000089200000|100%| S|CS|TAMS 0x0000000089100000| PB 0x0000000089100000| Complete 
| 146|0x0000000089200000, 0x0000000089300000, 0x0000000089300000|100%| S|CS|TAMS 0x0000000089200000| PB 0x0000000089200000| Complete 
| 147|0x0000000089300000, 0x0000000089400000, 0x0000000089400000|100%| S|CS|TAMS 0x0000000089300000| PB 0x0000000089300000| Complete 
| 148|0x0000000089400000, 0x0000000089500000, 0x0000000089500000|100%| O|  |TAMS 0x0000000089400000| PB 0x0000000089400000| Untracked 
| 149|0x0000000089500000, 0x0000000089600000, 0x0000000089600000|100%| O|  |TAMS 0x0000000089500000| PB 0x0000000089500000| Untracked 
| 150|0x0000000089600000, 0x0000000089600000, 0x0000000089700000|  0%| F|  |TAMS 0x0000000089600000| PB 0x0000000089600000| Untracked 
| 151|0x0000000089700000, 0x0000000089800000, 0x0000000089800000|100%| O|  |TAMS 0x0000000089700000| PB 0x0000000089700000| Untracked 
| 152|0x0000000089800000, 0x0000000089900000, 0x0000000089900000|100%| O|  |TAMS 0x0000000089800000| PB 0x0000000089800000| Untracked 
| 153|0x0000000089900000, 0x0000000089a00000, 0x0000000089a00000|100%| O|  |TAMS 0x0000000089900000| PB 0x0000000089900000| Untracked 
| 154|0x0000000089a00000, 0x0000000089b00000, 0x0000000089b00000|100%| O|  |TAMS 0x0000000089a00000| PB 0x0000000089a00000| Untracked 
| 155|0x0000000089b00000, 0x0000000089b00000, 0x0000000089c00000|  0%| F|  |TAMS 0x0000000089b00000| PB 0x0000000089b00000| Untracked 
| 156|0x0000000089c00000, 0x0000000089d00000, 0x0000000089d00000|100%| O|  |TAMS 0x0000000089c00000| PB 0x0000000089c00000| Untracked 
| 157|0x0000000089d00000, 0x0000000089d00000, 0x0000000089e00000|  0%| F|  |TAMS 0x0000000089d00000| PB 0x0000000089d00000| Untracked 
| 158|0x0000000089e00000, 0x0000000089e00000, 0x0000000089f00000|  0%| F|  |TAMS 0x0000000089e00000| PB 0x0000000089e00000| Untracked 
| 159|0x0000000089f00000, 0x0000000089f00000, 0x000000008a000000|  0%| F|  |TAMS 0x0000000089f00000| PB 0x0000000089f00000| Untracked 
| 160|0x000000008a000000, 0x000000008a000000, 0x000000008a100000|  0%| F|  |TAMS 0x000000008a000000| PB 0x000000008a000000| Untracked 
| 161|0x000000008a100000, 0x000000008a200000, 0x000000008a200000|100%| O|  |TAMS 0x000000008a100000| PB 0x000000008a100000| Untracked 
| 162|0x000000008a200000, 0x000000008a200000, 0x000000008a300000|  0%| F|  |TAMS 0x000000008a200000| PB 0x000000008a200000| Untracked 
| 163|0x000000008a300000, 0x000000008a300000, 0x000000008a400000|  0%| F|  |TAMS 0x000000008a300000| PB 0x000000008a300000| Untracked 
| 164|0x000000008a400000, 0x000000008a400000, 0x000000008a500000|  0%| F|  |TAMS 0x000000008a400000| PB 0x000000008a400000| Untracked 
| 165|0x000000008a500000, 0x000000008a600000, 0x000000008a600000|100%| O|  |TAMS 0x000000008a500000| PB 0x000000008a500000| Untracked 
| 166|0x000000008a600000, 0x000000008a700000, 0x000000008a700000|100%| O|  |TAMS 0x000000008a600000| PB 0x000000008a600000| Untracked 
| 167|0x000000008a700000, 0x000000008a800000, 0x000000008a800000|100%| O|  |TAMS 0x000000008a700000| PB 0x000000008a700000| Untracked 
| 168|0x000000008a800000, 0x000000008a900000, 0x000000008a900000|100%| O|  |TAMS 0x000000008a800000| PB 0x000000008a800000| Untracked 
| 169|0x000000008a900000, 0x000000008aa00000, 0x000000008aa00000|100%| O|  |TAMS 0x000000008a900000| PB 0x000000008a900000| Untracked 
| 170|0x000000008aa00000, 0x000000008ab00000, 0x000000008ab00000|100%| S|CS|TAMS 0x000000008aa00000| PB 0x000000008aa00000| Complete 
| 171|0x000000008ab00000, 0x000000008ac00000, 0x000000008ac00000|100%| O|  |TAMS 0x000000008ab00000| PB 0x000000008ab00000| Untracked 
| 172|0x000000008ac00000, 0x000000008ad00000, 0x000000008ad00000|100%| S|CS|TAMS 0x000000008ac00000| PB 0x000000008ac00000| Complete 
| 173|0x000000008ad00000, 0x000000008ad00000, 0x000000008ae00000|  0%| F|  |TAMS 0x000000008ad00000| PB 0x000000008ad00000| Untracked 
| 174|0x000000008ae00000, 0x000000008ae00000, 0x000000008af00000|  0%| F|  |TAMS 0x000000008ae00000| PB 0x000000008ae00000| Untracked 
| 175|0x000000008af00000, 0x000000008b000000, 0x000000008b000000|100%| O|  |TAMS 0x000000008af00000| PB 0x000000008af00000| Untracked 
| 176|0x000000008b000000, 0x000000008b100000, 0x000000008b100000|100%| O|  |TAMS 0x000000008b000000| PB 0x000000008b000000| Untracked 
| 177|0x000000008b100000, 0x000000008b200000, 0x000000008b200000|100%| O|  |TAMS 0x000000008b100000| PB 0x000000008b100000| Untracked 
| 178|0x000000008b200000, 0x000000008b300000, 0x000000008b300000|100%| O|  |TAMS 0x000000008b200000| PB 0x000000008b200000| Untracked 
| 179|0x000000008b300000, 0x000000008b400000, 0x000000008b400000|100%| O|  |TAMS 0x000000008b300000| PB 0x000000008b300000| Untracked 
| 180|0x000000008b400000, 0x000000008b400000, 0x000000008b500000|  0%| F|  |TAMS 0x000000008b400000| PB 0x000000008b400000| Untracked 
| 181|0x000000008b500000, 0x000000008b500000, 0x000000008b600000|  0%| F|  |TAMS 0x000000008b500000| PB 0x000000008b500000| Untracked 
| 182|0x000000008b600000, 0x000000008b700000, 0x000000008b700000|100%| O|  |TAMS 0x000000008b600000| PB 0x000000008b600000| Untracked 
| 183|0x000000008b700000, 0x000000008b800000, 0x000000008b800000|100%| O|  |TAMS 0x000000008b700000| PB 0x000000008b700000| Untracked 
| 184|0x000000008b800000, 0x000000008b900000, 0x000000008b900000|100%| O|  |TAMS 0x000000008b800000| PB 0x000000008b800000| Untracked 
| 185|0x000000008b900000, 0x000000008ba00000, 0x000000008ba00000|100%| O|  |TAMS 0x000000008b900000| PB 0x000000008b900000| Untracked 
| 186|0x000000008ba00000, 0x000000008bb00000, 0x000000008bb00000|100%| O|  |TAMS 0x000000008ba00000| PB 0x000000008ba00000| Untracked 
| 187|0x000000008bb00000, 0x000000008bc00000, 0x000000008bc00000|100%| O|  |TAMS 0x000000008bb00000| PB 0x000000008bb00000| Untracked 
| 188|0x000000008bc00000, 0x000000008bd00000, 0x000000008bd00000|100%| O|  |TAMS 0x000000008bc00000| PB 0x000000008bc00000| Untracked 
| 189|0x000000008bd00000, 0x000000008be00000, 0x000000008be00000|100%| O|  |TAMS 0x000000008bd00000| PB 0x000000008bd00000| Untracked 
| 190|0x000000008be00000, 0x000000008bf00000, 0x000000008bf00000|100%| O|  |TAMS 0x000000008be00000| PB 0x000000008be00000| Untracked 
| 191|0x000000008bf00000, 0x000000008c000000, 0x000000008c000000|100%| O|  |TAMS 0x000000008bf00000| PB 0x000000008bf00000| Untracked 
| 192|0x000000008c000000, 0x000000008c000000, 0x000000008c100000|  0%| F|  |TAMS 0x000000008c000000| PB 0x000000008c000000| Untracked 
| 193|0x000000008c100000, 0x000000008c200000, 0x000000008c200000|100%| S|CS|TAMS 0x000000008c100000| PB 0x000000008c100000| Complete 
| 194|0x000000008c200000, 0x000000008c200000, 0x000000008c300000|  0%| F|  |TAMS 0x000000008c200000| PB 0x000000008c200000| Untracked 
| 195|0x000000008c300000, 0x000000008c400000, 0x000000008c400000|100%| S|CS|TAMS 0x000000008c300000| PB 0x000000008c300000| Complete 
| 196|0x000000008c400000, 0x000000008c500000, 0x000000008c500000|100%| S|CS|TAMS 0x000000008c400000| PB 0x000000008c400000| Complete 
| 197|0x000000008c500000, 0x000000008c600000, 0x000000008c600000|100%| S|CS|TAMS 0x000000008c500000| PB 0x000000008c500000| Complete 
| 198|0x000000008c600000, 0x000000008c700000, 0x000000008c700000|100%| S|CS|TAMS 0x000000008c600000| PB 0x000000008c600000| Complete 
| 199|0x000000008c700000, 0x000000008c800000, 0x000000008c800000|100%| S|CS|TAMS 0x000000008c700000| PB 0x000000008c700000| Complete 
| 200|0x000000008c800000, 0x000000008c900000, 0x000000008c900000|100%| S|CS|TAMS 0x000000008c800000| PB 0x000000008c800000| Complete 
| 201|0x000000008c900000, 0x000000008c900000, 0x000000008ca00000|  0%| F|  |TAMS 0x000000008c900000| PB 0x000000008c900000| Untracked 
| 202|0x000000008ca00000, 0x000000008ca00000, 0x000000008cb00000|  0%| F|  |TAMS 0x000000008ca00000| PB 0x000000008ca00000| Untracked 
| 203|0x000000008cb00000, 0x000000008cb00000, 0x000000008cc00000|  0%| F|  |TAMS 0x000000008cb00000| PB 0x000000008cb00000| Untracked 
| 204|0x000000008cc00000, 0x000000008cc00000, 0x000000008cd00000|  0%| F|  |TAMS 0x000000008cc00000| PB 0x000000008cc00000| Untracked 
| 205|0x000000008cd00000, 0x000000008cd00000, 0x000000008ce00000|  0%| F|  |TAMS 0x000000008cd00000| PB 0x000000008cd00000| Untracked 
| 206|0x000000008ce00000, 0x000000008ce00000, 0x000000008cf00000|  0%| F|  |TAMS 0x000000008ce00000| PB 0x000000008ce00000| Untracked 
| 207|0x000000008cf00000, 0x000000008cf00000, 0x000000008d000000|  0%| F|  |TAMS 0x000000008cf00000| PB 0x000000008cf00000| Untracked 
| 208|0x000000008d000000, 0x000000008d000000, 0x000000008d100000|  0%| F|  |TAMS 0x000000008d000000| PB 0x000000008d000000| Untracked 
| 209|0x000000008d100000, 0x000000008d100000, 0x000000008d200000|  0%| F|  |TAMS 0x000000008d100000| PB 0x000000008d100000| Untracked 
| 210|0x000000008d200000, 0x000000008d200000, 0x000000008d300000|  0%| F|  |TAMS 0x000000008d200000| PB 0x000000008d200000| Untracked 
| 211|0x000000008d300000, 0x000000008d300000, 0x000000008d400000|  0%| F|  |TAMS 0x000000008d300000| PB 0x000000008d300000| Untracked 
| 212|0x000000008d400000, 0x000000008d400000, 0x000000008d500000|  0%| F|  |TAMS 0x000000008d400000| PB 0x000000008d400000| Untracked 
| 213|0x000000008d500000, 0x000000008d500000, 0x000000008d600000|  0%| F|  |TAMS 0x000000008d500000| PB 0x000000008d500000| Untracked 
| 214|0x000000008d600000, 0x000000008d600000, 0x000000008d700000|  0%| F|  |TAMS 0x000000008d600000| PB 0x000000008d600000| Untracked 
| 215|0x000000008d700000, 0x000000008d700000, 0x000000008d800000|  0%| F|  |TAMS 0x000000008d700000| PB 0x000000008d700000| Untracked 
| 216|0x000000008d800000, 0x000000008d800000, 0x000000008d900000|  0%| F|  |TAMS 0x000000008d800000| PB 0x000000008d800000| Untracked 
| 217|0x000000008d900000, 0x000000008d900000, 0x000000008da00000|  0%| F|  |TAMS 0x000000008d900000| PB 0x000000008d900000| Untracked 
| 218|0x000000008da00000, 0x000000008da00000, 0x000000008db00000|  0%| F|  |TAMS 0x000000008da00000| PB 0x000000008da00000| Untracked 
| 219|0x000000008db00000, 0x000000008db00000, 0x000000008dc00000|  0%| F|  |TAMS 0x000000008db00000| PB 0x000000008db00000| Untracked 
| 220|0x000000008dc00000, 0x000000008dc00000, 0x000000008dd00000|  0%| F|  |TAMS 0x000000008dc00000| PB 0x000000008dc00000| Untracked 
| 221|0x000000008dd00000, 0x000000008dd00000, 0x000000008de00000|  0%| F|  |TAMS 0x000000008dd00000| PB 0x000000008dd00000| Untracked 
| 222|0x000000008de00000, 0x000000008de00000, 0x000000008df00000|  0%| F|  |TAMS 0x000000008de00000| PB 0x000000008de00000| Untracked 
| 223|0x000000008df00000, 0x000000008df00000, 0x000000008e000000|  0%| F|  |TAMS 0x000000008df00000| PB 0x000000008df00000| Untracked 
| 224|0x000000008e000000, 0x000000008e000000, 0x000000008e100000|  0%| F|  |TAMS 0x000000008e000000| PB 0x000000008e000000| Untracked 
| 225|0x000000008e100000, 0x000000008e100000, 0x000000008e200000|  0%| F|  |TAMS 0x000000008e100000| PB 0x000000008e100000| Untracked 
| 226|0x000000008e200000, 0x000000008e200000, 0x000000008e300000|  0%| F|  |TAMS 0x000000008e200000| PB 0x000000008e200000| Untracked 
| 227|0x000000008e300000, 0x000000008e300000, 0x000000008e400000|  0%| F|  |TAMS 0x000000008e300000| PB 0x000000008e300000| Untracked 
| 228|0x000000008e400000, 0x000000008e400000, 0x000000008e500000|  0%| F|  |TAMS 0x000000008e400000| PB 0x000000008e400000| Untracked 
| 229|0x000000008e500000, 0x000000008e500000, 0x000000008e600000|  0%| F|  |TAMS 0x000000008e500000| PB 0x000000008e500000| Untracked 
| 230|0x000000008e600000, 0x000000008e600000, 0x000000008e700000|  0%| F|  |TAMS 0x000000008e600000| PB 0x000000008e600000| Untracked 
| 231|0x000000008e700000, 0x000000008e700000, 0x000000008e800000|  0%| F|  |TAMS 0x000000008e700000| PB 0x000000008e700000| Untracked 
| 232|0x000000008e800000, 0x000000008e800000, 0x000000008e900000|  0%| F|  |TAMS 0x000000008e800000| PB 0x000000008e800000| Untracked 
| 233|0x000000008e900000, 0x000000008e900000, 0x000000008ea00000|  0%| F|  |TAMS 0x000000008e900000| PB 0x000000008e900000| Untracked 
| 234|0x000000008ea00000, 0x000000008ea00000, 0x000000008eb00000|  0%| F|  |TAMS 0x000000008ea00000| PB 0x000000008ea00000| Untracked 
| 235|0x000000008eb00000, 0x000000008eb00000, 0x000000008ec00000|  0%| F|  |TAMS 0x000000008eb00000| PB 0x000000008eb00000| Untracked 
| 236|0x000000008ec00000, 0x000000008ec00000, 0x000000008ed00000|  0%| F|  |TAMS 0x000000008ec00000| PB 0x000000008ec00000| Untracked 
| 237|0x000000008ed00000, 0x000000008ed00000, 0x000000008ee00000|  0%| F|  |TAMS 0x000000008ed00000| PB 0x000000008ed00000| Untracked 
| 238|0x000000008ee00000, 0x000000008ee00000, 0x000000008ef00000|  0%| F|  |TAMS 0x000000008ee00000| PB 0x000000008ee00000| Untracked 
| 239|0x000000008ef00000, 0x000000008ef00000, 0x000000008f000000|  0%| F|  |TAMS 0x000000008ef00000| PB 0x000000008ef00000| Untracked 
| 240|0x000000008f000000, 0x000000008f000000, 0x000000008f100000|  0%| F|  |TAMS 0x000000008f000000| PB 0x000000008f000000| Untracked 
| 241|0x000000008f100000, 0x000000008f100000, 0x000000008f200000|  0%| F|  |TAMS 0x000000008f100000| PB 0x000000008f100000| Untracked 
| 242|0x000000008f200000, 0x000000008f200000, 0x000000008f300000|  0%| F|  |TAMS 0x000000008f200000| PB 0x000000008f200000| Untracked 
| 243|0x000000008f300000, 0x000000008f300000, 0x000000008f400000|  0%| F|  |TAMS 0x000000008f300000| PB 0x000000008f300000| Untracked 
| 244|0x000000008f400000, 0x000000008f400000, 0x000000008f500000|  0%| F|  |TAMS 0x000000008f400000| PB 0x000000008f400000| Untracked 
| 245|0x000000008f500000, 0x000000008f500000, 0x000000008f600000|  0%| F|  |TAMS 0x000000008f500000| PB 0x000000008f500000| Untracked 
| 246|0x000000008f600000, 0x000000008f600000, 0x000000008f700000|  0%| F|  |TAMS 0x000000008f600000| PB 0x000000008f600000| Untracked 
| 247|0x000000008f700000, 0x000000008f700000, 0x000000008f800000|  0%| F|  |TAMS 0x000000008f700000| PB 0x000000008f700000| Untracked 
| 248|0x000000008f800000, 0x000000008f800000, 0x000000008f900000|  0%| F|  |TAMS 0x000000008f800000| PB 0x000000008f800000| Untracked 
| 249|0x000000008f900000, 0x000000008f900000, 0x000000008fa00000|  0%| F|  |TAMS 0x000000008f900000| PB 0x000000008f900000| Untracked 
| 250|0x000000008fa00000, 0x000000008fa00000, 0x000000008fb00000|  0%| F|  |TAMS 0x000000008fa00000| PB 0x000000008fa00000| Untracked 
| 251|0x000000008fb00000, 0x000000008fb00000, 0x000000008fc00000|  0%| F|  |TAMS 0x000000008fb00000| PB 0x000000008fb00000| Untracked 
| 252|0x000000008fc00000, 0x000000008fc00000, 0x000000008fd00000|  0%| F|  |TAMS 0x000000008fc00000| PB 0x000000008fc00000| Untracked 
| 253|0x000000008fd00000, 0x000000008fd00000, 0x000000008fe00000|  0%| F|  |TAMS 0x000000008fd00000| PB 0x000000008fd00000| Untracked 
| 254|0x000000008fe00000, 0x000000008fe00000, 0x000000008ff00000|  0%| F|  |TAMS 0x000000008fe00000| PB 0x000000008fe00000| Untracked 
| 255|0x000000008ff00000, 0x000000008ff00000, 0x0000000090000000|  0%| F|  |TAMS 0x000000008ff00000| PB 0x000000008ff00000| Untracked 
| 256|0x0000000090000000, 0x0000000090000000, 0x0000000090100000|  0%| F|  |TAMS 0x0000000090000000| PB 0x0000000090000000| Untracked 
| 257|0x0000000090100000, 0x0000000090100000, 0x0000000090200000|  0%| F|  |TAMS 0x0000000090100000| PB 0x0000000090100000| Untracked 
| 258|0x0000000090200000, 0x0000000090200000, 0x0000000090300000|  0%| F|  |TAMS 0x0000000090200000| PB 0x0000000090200000| Untracked 
| 259|0x0000000090300000, 0x0000000090300000, 0x0000000090400000|  0%| F|  |TAMS 0x0000000090300000| PB 0x0000000090300000| Untracked 
| 260|0x0000000090400000, 0x0000000090400000, 0x0000000090500000|  0%| F|  |TAMS 0x0000000090400000| PB 0x0000000090400000| Untracked 
| 261|0x0000000090500000, 0x0000000090500000, 0x0000000090600000|  0%| F|  |TAMS 0x0000000090500000| PB 0x0000000090500000| Untracked 
| 262|0x0000000090600000, 0x0000000090600000, 0x0000000090700000|  0%| F|  |TAMS 0x0000000090600000| PB 0x0000000090600000| Untracked 
| 263|0x0000000090700000, 0x0000000090700000, 0x0000000090800000|  0%| F|  |TAMS 0x0000000090700000| PB 0x0000000090700000| Untracked 
| 264|0x0000000090800000, 0x0000000090800000, 0x0000000090900000|  0%| F|  |TAMS 0x0000000090800000| PB 0x0000000090800000| Untracked 
| 265|0x0000000090900000, 0x0000000090900000, 0x0000000090a00000|  0%| F|  |TAMS 0x0000000090900000| PB 0x0000000090900000| Untracked 
| 266|0x0000000090a00000, 0x0000000090a00000, 0x0000000090b00000|  0%| F|  |TAMS 0x0000000090a00000| PB 0x0000000090a00000| Untracked 
| 267|0x0000000090b00000, 0x0000000090b00000, 0x0000000090c00000|  0%| F|  |TAMS 0x0000000090b00000| PB 0x0000000090b00000| Untracked 
| 268|0x0000000090c00000, 0x0000000090c00000, 0x0000000090d00000|  0%| F|  |TAMS 0x0000000090c00000| PB 0x0000000090c00000| Untracked 
| 269|0x0000000090d00000, 0x0000000090d00000, 0x0000000090e00000|  0%| F|  |TAMS 0x0000000090d00000| PB 0x0000000090d00000| Untracked 
| 270|0x0000000090e00000, 0x0000000090e00000, 0x0000000090f00000|  0%| F|  |TAMS 0x0000000090e00000| PB 0x0000000090e00000| Untracked 
| 271|0x0000000090f00000, 0x0000000090f00000, 0x0000000091000000|  0%| F|  |TAMS 0x0000000090f00000| PB 0x0000000090f00000| Untracked 
| 272|0x0000000091000000, 0x0000000091000000, 0x0000000091100000|  0%| F|  |TAMS 0x0000000091000000| PB 0x0000000091000000| Untracked 
| 273|0x0000000091100000, 0x0000000091100000, 0x0000000091200000|  0%| F|  |TAMS 0x0000000091100000| PB 0x0000000091100000| Untracked 
| 274|0x0000000091200000, 0x0000000091200000, 0x0000000091300000|  0%| F|  |TAMS 0x0000000091200000| PB 0x0000000091200000| Untracked 
| 275|0x0000000091300000, 0x0000000091300000, 0x0000000091400000|  0%| F|  |TAMS 0x0000000091300000| PB 0x0000000091300000| Untracked 
| 276|0x0000000091400000, 0x0000000091400000, 0x0000000091500000|  0%| F|  |TAMS 0x0000000091400000| PB 0x0000000091400000| Untracked 
| 277|0x0000000091500000, 0x0000000091500000, 0x0000000091600000|  0%| F|  |TAMS 0x0000000091500000| PB 0x0000000091500000| Untracked 
| 278|0x0000000091600000, 0x0000000091600000, 0x0000000091700000|  0%| F|  |TAMS 0x0000000091600000| PB 0x0000000091600000| Untracked 
| 279|0x0000000091700000, 0x0000000091700000, 0x0000000091800000|  0%| F|  |TAMS 0x0000000091700000| PB 0x0000000091700000| Untracked 
| 280|0x0000000091800000, 0x0000000091800000, 0x0000000091900000|  0%| F|  |TAMS 0x0000000091800000| PB 0x0000000091800000| Untracked 
| 281|0x0000000091900000, 0x0000000091900000, 0x0000000091a00000|  0%| F|  |TAMS 0x0000000091900000| PB 0x0000000091900000| Untracked 
| 282|0x0000000091a00000, 0x0000000091a00000, 0x0000000091b00000|  0%| F|  |TAMS 0x0000000091a00000| PB 0x0000000091a00000| Untracked 
| 283|0x0000000091b00000, 0x0000000091b00000, 0x0000000091c00000|  0%| F|  |TAMS 0x0000000091b00000| PB 0x0000000091b00000| Untracked 
| 284|0x0000000091c00000, 0x0000000091c00000, 0x0000000091d00000|  0%| F|  |TAMS 0x0000000091c00000| PB 0x0000000091c00000| Untracked 
| 285|0x0000000091d00000, 0x0000000091d00000, 0x0000000091e00000|  0%| F|  |TAMS 0x0000000091d00000| PB 0x0000000091d00000| Untracked 
| 286|0x0000000091e00000, 0x0000000091e00000, 0x0000000091f00000|  0%| F|  |TAMS 0x0000000091e00000| PB 0x0000000091e00000| Untracked 
| 287|0x0000000091f00000, 0x0000000091f00000, 0x0000000092000000|  0%| F|  |TAMS 0x0000000091f00000| PB 0x0000000091f00000| Untracked 
| 288|0x0000000092000000, 0x0000000092000000, 0x0000000092100000|  0%| F|  |TAMS 0x0000000092000000| PB 0x0000000092000000| Untracked 
| 289|0x0000000092100000, 0x0000000092100000, 0x0000000092200000|  0%| F|  |TAMS 0x0000000092100000| PB 0x0000000092100000| Untracked 
| 290|0x0000000092200000, 0x0000000092200000, 0x0000000092300000|  0%| F|  |TAMS 0x0000000092200000| PB 0x0000000092200000| Untracked 
| 291|0x0000000092300000, 0x0000000092300000, 0x0000000092400000|  0%| F|  |TAMS 0x0000000092300000| PB 0x0000000092300000| Untracked 
| 292|0x0000000092400000, 0x0000000092400000, 0x0000000092500000|  0%| F|  |TAMS 0x0000000092400000| PB 0x0000000092400000| Untracked 
| 293|0x0000000092500000, 0x0000000092500000, 0x0000000092600000|  0%| F|  |TAMS 0x0000000092500000| PB 0x0000000092500000| Untracked 
| 294|0x0000000092600000, 0x0000000092600000, 0x0000000092700000|  0%| F|  |TAMS 0x0000000092600000| PB 0x0000000092600000| Untracked 
| 295|0x0000000092700000, 0x0000000092700000, 0x0000000092800000|  0%| F|  |TAMS 0x0000000092700000| PB 0x0000000092700000| Untracked 
| 296|0x0000000092800000, 0x0000000092800000, 0x0000000092900000|  0%| F|  |TAMS 0x0000000092800000| PB 0x0000000092800000| Untracked 
| 297|0x0000000092900000, 0x0000000092900000, 0x0000000092a00000|  0%| F|  |TAMS 0x0000000092900000| PB 0x0000000092900000| Untracked 
| 298|0x0000000092a00000, 0x0000000092a00000, 0x0000000092b00000|  0%| F|  |TAMS 0x0000000092a00000| PB 0x0000000092a00000| Untracked 
| 299|0x0000000092b00000, 0x0000000092b00000, 0x0000000092c00000|  0%| F|  |TAMS 0x0000000092b00000| PB 0x0000000092b00000| Untracked 
| 300|0x0000000092c00000, 0x0000000092c00000, 0x0000000092d00000|  0%| F|  |TAMS 0x0000000092c00000| PB 0x0000000092c00000| Untracked 
| 301|0x0000000092d00000, 0x0000000092d00000, 0x0000000092e00000|  0%| F|  |TAMS 0x0000000092d00000| PB 0x0000000092d00000| Untracked 
| 302|0x0000000092e00000, 0x0000000092e00000, 0x0000000092f00000|  0%| F|  |TAMS 0x0000000092e00000| PB 0x0000000092e00000| Untracked 
| 303|0x0000000092f00000, 0x0000000092f00000, 0x0000000093000000|  0%| F|  |TAMS 0x0000000092f00000| PB 0x0000000092f00000| Untracked 
| 304|0x0000000093000000, 0x0000000093000000, 0x0000000093100000|  0%| F|  |TAMS 0x0000000093000000| PB 0x0000000093000000| Untracked 
| 305|0x0000000093100000, 0x0000000093100000, 0x0000000093200000|  0%| F|  |TAMS 0x0000000093100000| PB 0x0000000093100000| Untracked 
| 306|0x0000000093200000, 0x0000000093200000, 0x0000000093300000|  0%| F|  |TAMS 0x0000000093200000| PB 0x0000000093200000| Untracked 
| 307|0x0000000093300000, 0x0000000093300000, 0x0000000093400000|  0%| F|  |TAMS 0x0000000093300000| PB 0x0000000093300000| Untracked 
| 308|0x0000000093400000, 0x0000000093400000, 0x0000000093500000|  0%| F|  |TAMS 0x0000000093400000| PB 0x0000000093400000| Untracked 
| 309|0x0000000093500000, 0x0000000093500000, 0x0000000093600000|  0%| F|  |TAMS 0x0000000093500000| PB 0x0000000093500000| Untracked 
| 310|0x0000000093600000, 0x0000000093600000, 0x0000000093700000|  0%| F|  |TAMS 0x0000000093600000| PB 0x0000000093600000| Untracked 
| 311|0x0000000093700000, 0x0000000093700000, 0x0000000093800000|  0%| F|  |TAMS 0x0000000093700000| PB 0x0000000093700000| Untracked 
| 312|0x0000000093800000, 0x0000000093800000, 0x0000000093900000|  0%| F|  |TAMS 0x0000000093800000| PB 0x0000000093800000| Untracked 
| 313|0x0000000093900000, 0x0000000093900000, 0x0000000093a00000|  0%| F|  |TAMS 0x0000000093900000| PB 0x0000000093900000| Untracked 
| 314|0x0000000093a00000, 0x0000000093a00000, 0x0000000093b00000|  0%| F|  |TAMS 0x0000000093a00000| PB 0x0000000093a00000| Untracked 
| 315|0x0000000093b00000, 0x0000000093b00000, 0x0000000093c00000|  0%| F|  |TAMS 0x0000000093b00000| PB 0x0000000093b00000| Untracked 
| 316|0x0000000093c00000, 0x0000000093c00000, 0x0000000093d00000|  0%| F|  |TAMS 0x0000000093c00000| PB 0x0000000093c00000| Untracked 
| 317|0x0000000093d00000, 0x0000000093d00000, 0x0000000093e00000|  0%| F|  |TAMS 0x0000000093d00000| PB 0x0000000093d00000| Untracked 
| 318|0x0000000093e00000, 0x0000000093e00000, 0x0000000093f00000|  0%| F|  |TAMS 0x0000000093e00000| PB 0x0000000093e00000| Untracked 
| 319|0x0000000093f00000, 0x0000000093f00000, 0x0000000094000000|  0%| F|  |TAMS 0x0000000093f00000| PB 0x0000000093f00000| Untracked 
| 320|0x0000000094000000, 0x0000000094000000, 0x0000000094100000|  0%| F|  |TAMS 0x0000000094000000| PB 0x0000000094000000| Untracked 
| 321|0x0000000094100000, 0x0000000094100000, 0x0000000094200000|  0%| F|  |TAMS 0x0000000094100000| PB 0x0000000094100000| Untracked 
| 322|0x0000000094200000, 0x0000000094200000, 0x0000000094300000|  0%| F|  |TAMS 0x0000000094200000| PB 0x0000000094200000| Untracked 
| 323|0x0000000094300000, 0x0000000094300000, 0x0000000094400000|  0%| F|  |TAMS 0x0000000094300000| PB 0x0000000094300000| Untracked 
| 324|0x0000000094400000, 0x0000000094400000, 0x0000000094500000|  0%| F|  |TAMS 0x0000000094400000| PB 0x0000000094400000| Untracked 
| 325|0x0000000094500000, 0x0000000094500000, 0x0000000094600000|  0%| F|  |TAMS 0x0000000094500000| PB 0x0000000094500000| Untracked 
| 326|0x0000000094600000, 0x0000000094600000, 0x0000000094700000|  0%| F|  |TAMS 0x0000000094600000| PB 0x0000000094600000| Untracked 
| 327|0x0000000094700000, 0x0000000094700000, 0x0000000094800000|  0%| F|  |TAMS 0x0000000094700000| PB 0x0000000094700000| Untracked 
| 328|0x0000000094800000, 0x0000000094800000, 0x0000000094900000|  0%| F|  |TAMS 0x0000000094800000| PB 0x0000000094800000| Untracked 
| 329|0x0000000094900000, 0x0000000094900000, 0x0000000094a00000|  0%| F|  |TAMS 0x0000000094900000| PB 0x0000000094900000| Untracked 
| 330|0x0000000094a00000, 0x0000000094a00000, 0x0000000094b00000|  0%| F|  |TAMS 0x0000000094a00000| PB 0x0000000094a00000| Untracked 
| 331|0x0000000094b00000, 0x0000000094b00000, 0x0000000094c00000|  0%| F|  |TAMS 0x0000000094b00000| PB 0x0000000094b00000| Untracked 
| 332|0x0000000094c00000, 0x0000000094c00000, 0x0000000094d00000|  0%| F|  |TAMS 0x0000000094c00000| PB 0x0000000094c00000| Untracked 
| 333|0x0000000094d00000, 0x0000000094d00000, 0x0000000094e00000|  0%| F|  |TAMS 0x0000000094d00000| PB 0x0000000094d00000| Untracked 
| 334|0x0000000094e00000, 0x0000000094e00000, 0x0000000094f00000|  0%| F|  |TAMS 0x0000000094e00000| PB 0x0000000094e00000| Untracked 
| 335|0x0000000094f00000, 0x0000000094f00000, 0x0000000095000000|  0%| F|  |TAMS 0x0000000094f00000| PB 0x0000000094f00000| Untracked 
| 336|0x0000000095000000, 0x0000000095000000, 0x0000000095100000|  0%| F|  |TAMS 0x0000000095000000| PB 0x0000000095000000| Untracked 
| 337|0x0000000095100000, 0x0000000095100000, 0x0000000095200000|  0%| F|  |TAMS 0x0000000095100000| PB 0x0000000095100000| Untracked 
| 338|0x0000000095200000, 0x0000000095200000, 0x0000000095300000|  0%| F|  |TAMS 0x0000000095200000| PB 0x0000000095200000| Untracked 
| 339|0x0000000095300000, 0x0000000095300000, 0x0000000095400000|  0%| F|  |TAMS 0x0000000095300000| PB 0x0000000095300000| Untracked 
| 340|0x0000000095400000, 0x0000000095400000, 0x0000000095500000|  0%| F|  |TAMS 0x0000000095400000| PB 0x0000000095400000| Untracked 
| 341|0x0000000095500000, 0x0000000095500000, 0x0000000095600000|  0%| F|  |TAMS 0x0000000095500000| PB 0x0000000095500000| Untracked 
| 342|0x0000000095600000, 0x0000000095600000, 0x0000000095700000|  0%| F|  |TAMS 0x0000000095600000| PB 0x0000000095600000| Untracked 
| 343|0x0000000095700000, 0x0000000095700000, 0x0000000095800000|  0%| F|  |TAMS 0x0000000095700000| PB 0x0000000095700000| Untracked 
| 344|0x0000000095800000, 0x0000000095800000, 0x0000000095900000|  0%| F|  |TAMS 0x0000000095800000| PB 0x0000000095800000| Untracked 
| 345|0x0000000095900000, 0x0000000095900000, 0x0000000095a00000|  0%| F|  |TAMS 0x0000000095900000| PB 0x0000000095900000| Untracked 
| 346|0x0000000095a00000, 0x0000000095a00000, 0x0000000095b00000|  0%| F|  |TAMS 0x0000000095a00000| PB 0x0000000095a00000| Untracked 
| 347|0x0000000095b00000, 0x0000000095b00000, 0x0000000095c00000|  0%| F|  |TAMS 0x0000000095b00000| PB 0x0000000095b00000| Untracked 
| 348|0x0000000095c00000, 0x0000000095c00000, 0x0000000095d00000|  0%| F|  |TAMS 0x0000000095c00000| PB 0x0000000095c00000| Untracked 
| 349|0x0000000095d00000, 0x0000000095d00000, 0x0000000095e00000|  0%| F|  |TAMS 0x0000000095d00000| PB 0x0000000095d00000| Untracked 
| 350|0x0000000095e00000, 0x0000000095e00000, 0x0000000095f00000|  0%| F|  |TAMS 0x0000000095e00000| PB 0x0000000095e00000| Untracked 
| 351|0x0000000095f00000, 0x0000000095f00000, 0x0000000096000000|  0%| F|  |TAMS 0x0000000095f00000| PB 0x0000000095f00000| Untracked 
| 352|0x0000000096000000, 0x0000000096000000, 0x0000000096100000|  0%| F|  |TAMS 0x0000000096000000| PB 0x0000000096000000| Untracked 
| 353|0x0000000096100000, 0x0000000096100000, 0x0000000096200000|  0%| F|  |TAMS 0x0000000096100000| PB 0x0000000096100000| Untracked 
| 354|0x0000000096200000, 0x0000000096200000, 0x0000000096300000|  0%| F|  |TAMS 0x0000000096200000| PB 0x0000000096200000| Untracked 
| 355|0x0000000096300000, 0x0000000096300000, 0x0000000096400000|  0%| F|  |TAMS 0x0000000096300000| PB 0x0000000096300000| Untracked 
| 356|0x0000000096400000, 0x0000000096400000, 0x0000000096500000|  0%| F|  |TAMS 0x0000000096400000| PB 0x0000000096400000| Untracked 
| 357|0x0000000096500000, 0x0000000096500000, 0x0000000096600000|  0%| F|  |TAMS 0x0000000096500000| PB 0x0000000096500000| Untracked 
| 358|0x0000000096600000, 0x0000000096600000, 0x0000000096700000|  0%| F|  |TAMS 0x0000000096600000| PB 0x0000000096600000| Untracked 
| 359|0x0000000096700000, 0x0000000096700000, 0x0000000096800000|  0%| F|  |TAMS 0x0000000096700000| PB 0x0000000096700000| Untracked 
| 360|0x0000000096800000, 0x0000000096800000, 0x0000000096900000|  0%| F|  |TAMS 0x0000000096800000| PB 0x0000000096800000| Untracked 
| 361|0x0000000096900000, 0x0000000096900000, 0x0000000096a00000|  0%| F|  |TAMS 0x0000000096900000| PB 0x0000000096900000| Untracked 
| 362|0x0000000096a00000, 0x0000000096a00000, 0x0000000096b00000|  0%| F|  |TAMS 0x0000000096a00000| PB 0x0000000096a00000| Untracked 
| 363|0x0000000096b00000, 0x0000000096b00000, 0x0000000096c00000|  0%| F|  |TAMS 0x0000000096b00000| PB 0x0000000096b00000| Untracked 
| 364|0x0000000096c00000, 0x0000000096c00000, 0x0000000096d00000|  0%| F|  |TAMS 0x0000000096c00000| PB 0x0000000096c00000| Untracked 
| 365|0x0000000096d00000, 0x0000000096d00000, 0x0000000096e00000|  0%| F|  |TAMS 0x0000000096d00000| PB 0x0000000096d00000| Untracked 
| 366|0x0000000096e00000, 0x0000000096e00000, 0x0000000096f00000|  0%| F|  |TAMS 0x0000000096e00000| PB 0x0000000096e00000| Untracked 
| 367|0x0000000096f00000, 0x0000000096f00000, 0x0000000097000000|  0%| F|  |TAMS 0x0000000096f00000| PB 0x0000000096f00000| Untracked 
| 368|0x0000000097000000, 0x0000000097000000, 0x0000000097100000|  0%| F|  |TAMS 0x0000000097000000| PB 0x0000000097000000| Untracked 
| 369|0x0000000097100000, 0x0000000097100000, 0x0000000097200000|  0%| F|  |TAMS 0x0000000097100000| PB 0x0000000097100000| Untracked 
| 370|0x0000000097200000, 0x0000000097200000, 0x0000000097300000|  0%| F|  |TAMS 0x0000000097200000| PB 0x0000000097200000| Untracked 
| 371|0x0000000097300000, 0x0000000097300000, 0x0000000097400000|  0%| F|  |TAMS 0x0000000097300000| PB 0x0000000097300000| Untracked 
| 372|0x0000000097400000, 0x0000000097400000, 0x0000000097500000|  0%| F|  |TAMS 0x0000000097400000| PB 0x0000000097400000| Untracked 
| 373|0x0000000097500000, 0x0000000097500000, 0x0000000097600000|  0%| F|  |TAMS 0x0000000097500000| PB 0x0000000097500000| Untracked 
| 374|0x0000000097600000, 0x0000000097600000, 0x0000000097700000|  0%| F|  |TAMS 0x0000000097600000| PB 0x0000000097600000| Untracked 
| 375|0x0000000097700000, 0x0000000097700000, 0x0000000097800000|  0%| F|  |TAMS 0x0000000097700000| PB 0x0000000097700000| Untracked 
| 376|0x0000000097800000, 0x0000000097800000, 0x0000000097900000|  0%| F|  |TAMS 0x0000000097800000| PB 0x0000000097800000| Untracked 
| 377|0x0000000097900000, 0x0000000097900000, 0x0000000097a00000|  0%| F|  |TAMS 0x0000000097900000| PB 0x0000000097900000| Untracked 
| 378|0x0000000097a00000, 0x0000000097a00000, 0x0000000097b00000|  0%| F|  |TAMS 0x0000000097a00000| PB 0x0000000097a00000| Untracked 
| 379|0x0000000097b00000, 0x0000000097b00000, 0x0000000097c00000|  0%| F|  |TAMS 0x0000000097b00000| PB 0x0000000097b00000| Untracked 
| 380|0x0000000097c00000, 0x0000000097c00000, 0x0000000097d00000|  0%| F|  |TAMS 0x0000000097c00000| PB 0x0000000097c00000| Untracked 
| 381|0x0000000097d00000, 0x0000000097d00000, 0x0000000097e00000|  0%| F|  |TAMS 0x0000000097d00000| PB 0x0000000097d00000| Untracked 
| 382|0x0000000097e00000, 0x0000000097e00000, 0x0000000097f00000|  0%| F|  |TAMS 0x0000000097e00000| PB 0x0000000097e00000| Untracked 
| 383|0x0000000097f00000, 0x0000000097f00000, 0x0000000098000000|  0%| F|  |TAMS 0x0000000097f00000| PB 0x0000000097f00000| Untracked 
| 384|0x0000000098000000, 0x0000000098000000, 0x0000000098100000|  0%| F|  |TAMS 0x0000000098000000| PB 0x0000000098000000| Untracked 
| 385|0x0000000098100000, 0x0000000098100000, 0x0000000098200000|  0%| F|  |TAMS 0x0000000098100000| PB 0x0000000098100000| Untracked 
| 386|0x0000000098200000, 0x0000000098200000, 0x0000000098300000|  0%| F|  |TAMS 0x0000000098200000| PB 0x0000000098200000| Untracked 
| 387|0x0000000098300000, 0x0000000098300000, 0x0000000098400000|  0%| F|  |TAMS 0x0000000098300000| PB 0x0000000098300000| Untracked 
| 388|0x0000000098400000, 0x0000000098400000, 0x0000000098500000|  0%| F|  |TAMS 0x0000000098400000| PB 0x0000000098400000| Untracked 
| 389|0x0000000098500000, 0x0000000098500000, 0x0000000098600000|  0%| F|  |TAMS 0x0000000098500000| PB 0x0000000098500000| Untracked 
| 390|0x0000000098600000, 0x0000000098600000, 0x0000000098700000|  0%| F|  |TAMS 0x0000000098600000| PB 0x0000000098600000| Untracked 
| 391|0x0000000098700000, 0x0000000098700000, 0x0000000098800000|  0%| F|  |TAMS 0x0000000098700000| PB 0x0000000098700000| Untracked 
| 392|0x0000000098800000, 0x0000000098800000, 0x0000000098900000|  0%| F|  |TAMS 0x0000000098800000| PB 0x0000000098800000| Untracked 
| 393|0x0000000098900000, 0x0000000098900000, 0x0000000098a00000|  0%| F|  |TAMS 0x0000000098900000| PB 0x0000000098900000| Untracked 
| 394|0x0000000098a00000, 0x0000000098a00000, 0x0000000098b00000|  0%| F|  |TAMS 0x0000000098a00000| PB 0x0000000098a00000| Untracked 
| 395|0x0000000098b00000, 0x0000000098b00000, 0x0000000098c00000|  0%| F|  |TAMS 0x0000000098b00000| PB 0x0000000098b00000| Untracked 
| 396|0x0000000098c00000, 0x0000000098c00000, 0x0000000098d00000|  0%| F|  |TAMS 0x0000000098c00000| PB 0x0000000098c00000| Untracked 
| 397|0x0000000098d00000, 0x0000000098d00000, 0x0000000098e00000|  0%| F|  |TAMS 0x0000000098d00000| PB 0x0000000098d00000| Untracked 
| 398|0x0000000098e00000, 0x0000000098e00000, 0x0000000098f00000|  0%| F|  |TAMS 0x0000000098e00000| PB 0x0000000098e00000| Untracked 
| 399|0x0000000098f00000, 0x0000000098f00000, 0x0000000099000000|  0%| F|  |TAMS 0x0000000098f00000| PB 0x0000000098f00000| Untracked 
| 400|0x0000000099000000, 0x0000000099000000, 0x0000000099100000|  0%| F|  |TAMS 0x0000000099000000| PB 0x0000000099000000| Untracked 
| 401|0x0000000099100000, 0x0000000099100000, 0x0000000099200000|  0%| F|  |TAMS 0x0000000099100000| PB 0x0000000099100000| Untracked 
| 402|0x0000000099200000, 0x0000000099200000, 0x0000000099300000|  0%| F|  |TAMS 0x0000000099200000| PB 0x0000000099200000| Untracked 
| 403|0x0000000099300000, 0x0000000099300000, 0x0000000099400000|  0%| F|  |TAMS 0x0000000099300000| PB 0x0000000099300000| Untracked 
| 404|0x0000000099400000, 0x0000000099400000, 0x0000000099500000|  0%| F|  |TAMS 0x0000000099400000| PB 0x0000000099400000| Untracked 
| 405|0x0000000099500000, 0x0000000099500000, 0x0000000099600000|  0%| F|  |TAMS 0x0000000099500000| PB 0x0000000099500000| Untracked 
| 406|0x0000000099600000, 0x0000000099600000, 0x0000000099700000|  0%| F|  |TAMS 0x0000000099600000| PB 0x0000000099600000| Untracked 
| 407|0x0000000099700000, 0x0000000099700000, 0x0000000099800000|  0%| F|  |TAMS 0x0000000099700000| PB 0x0000000099700000| Untracked 
| 408|0x0000000099800000, 0x0000000099800000, 0x0000000099900000|  0%| F|  |TAMS 0x0000000099800000| PB 0x0000000099800000| Untracked 
| 409|0x0000000099900000, 0x0000000099900000, 0x0000000099a00000|  0%| F|  |TAMS 0x0000000099900000| PB 0x0000000099900000| Untracked 
| 410|0x0000000099a00000, 0x0000000099a00000, 0x0000000099b00000|  0%| F|  |TAMS 0x0000000099a00000| PB 0x0000000099a00000| Untracked 
| 411|0x0000000099b00000, 0x0000000099b00000, 0x0000000099c00000|  0%| F|  |TAMS 0x0000000099b00000| PB 0x0000000099b00000| Untracked 
| 412|0x0000000099c00000, 0x0000000099c00000, 0x0000000099d00000|  0%| F|  |TAMS 0x0000000099c00000| PB 0x0000000099c00000| Untracked 
| 413|0x0000000099d00000, 0x0000000099d00000, 0x0000000099e00000|  0%| F|  |TAMS 0x0000000099d00000| PB 0x0000000099d00000| Untracked 
| 414|0x0000000099e00000, 0x0000000099e00000, 0x0000000099f00000|  0%| F|  |TAMS 0x0000000099e00000| PB 0x0000000099e00000| Untracked 
| 415|0x0000000099f00000, 0x0000000099f00000, 0x000000009a000000|  0%| F|  |TAMS 0x0000000099f00000| PB 0x0000000099f00000| Untracked 
| 416|0x000000009a000000, 0x000000009a000000, 0x000000009a100000|  0%| F|  |TAMS 0x000000009a000000| PB 0x000000009a000000| Untracked 
| 417|0x000000009a100000, 0x000000009a100000, 0x000000009a200000|  0%| F|  |TAMS 0x000000009a100000| PB 0x000000009a100000| Untracked 
| 418|0x000000009a200000, 0x000000009a200000, 0x000000009a300000|  0%| F|  |TAMS 0x000000009a200000| PB 0x000000009a200000| Untracked 
| 419|0x000000009a300000, 0x000000009a300000, 0x000000009a400000|  0%| F|  |TAMS 0x000000009a300000| PB 0x000000009a300000| Untracked 
| 420|0x000000009a400000, 0x000000009a400000, 0x000000009a500000|  0%| F|  |TAMS 0x000000009a400000| PB 0x000000009a400000| Untracked 
| 421|0x000000009a500000, 0x000000009a500000, 0x000000009a600000|  0%| F|  |TAMS 0x000000009a500000| PB 0x000000009a500000| Untracked 
| 422|0x000000009a600000, 0x000000009a600000, 0x000000009a700000|  0%| F|  |TAMS 0x000000009a600000| PB 0x000000009a600000| Untracked 
| 423|0x000000009a700000, 0x000000009a700000, 0x000000009a800000|  0%| F|  |TAMS 0x000000009a700000| PB 0x000000009a700000| Untracked 
| 424|0x000000009a800000, 0x000000009a800000, 0x000000009a900000|  0%| F|  |TAMS 0x000000009a800000| PB 0x000000009a800000| Untracked 
| 425|0x000000009a900000, 0x000000009a900000, 0x000000009aa00000|  0%| F|  |TAMS 0x000000009a900000| PB 0x000000009a900000| Untracked 
| 426|0x000000009aa00000, 0x000000009aa00000, 0x000000009ab00000|  0%| F|  |TAMS 0x000000009aa00000| PB 0x000000009aa00000| Untracked 
| 427|0x000000009ab00000, 0x000000009ab00000, 0x000000009ac00000|  0%| F|  |TAMS 0x000000009ab00000| PB 0x000000009ab00000| Untracked 
| 428|0x000000009ac00000, 0x000000009ac00000, 0x000000009ad00000|  0%| F|  |TAMS 0x000000009ac00000| PB 0x000000009ac00000| Untracked 
| 429|0x000000009ad00000, 0x000000009ad00000, 0x000000009ae00000|  0%| F|  |TAMS 0x000000009ad00000| PB 0x000000009ad00000| Untracked 
| 430|0x000000009ae00000, 0x000000009ae00000, 0x000000009af00000|  0%| F|  |TAMS 0x000000009ae00000| PB 0x000000009ae00000| Untracked 
| 431|0x000000009af00000, 0x000000009af00000, 0x000000009b000000|  0%| F|  |TAMS 0x000000009af00000| PB 0x000000009af00000| Untracked 
| 432|0x000000009b000000, 0x000000009b000000, 0x000000009b100000|  0%| F|  |TAMS 0x000000009b000000| PB 0x000000009b000000| Untracked 
| 433|0x000000009b100000, 0x000000009b100000, 0x000000009b200000|  0%| F|  |TAMS 0x000000009b100000| PB 0x000000009b100000| Untracked 
| 434|0x000000009b200000, 0x000000009b200000, 0x000000009b300000|  0%| F|  |TAMS 0x000000009b200000| PB 0x000000009b200000| Untracked 
| 435|0x000000009b300000, 0x000000009b300000, 0x000000009b400000|  0%| F|  |TAMS 0x000000009b300000| PB 0x000000009b300000| Untracked 
| 436|0x000000009b400000, 0x000000009b400000, 0x000000009b500000|  0%| F|  |TAMS 0x000000009b400000| PB 0x000000009b400000| Untracked 
| 437|0x000000009b500000, 0x000000009b500000, 0x000000009b600000|  0%| F|  |TAMS 0x000000009b500000| PB 0x000000009b500000| Untracked 
| 438|0x000000009b600000, 0x000000009b600000, 0x000000009b700000|  0%| F|  |TAMS 0x000000009b600000| PB 0x000000009b600000| Untracked 
| 439|0x000000009b700000, 0x000000009b700000, 0x000000009b800000|  0%| F|  |TAMS 0x000000009b700000| PB 0x000000009b700000| Untracked 
| 440|0x000000009b800000, 0x000000009b800000, 0x000000009b900000|  0%| F|  |TAMS 0x000000009b800000| PB 0x000000009b800000| Untracked 
| 441|0x000000009b900000, 0x000000009b900000, 0x000000009ba00000|  0%| F|  |TAMS 0x000000009b900000| PB 0x000000009b900000| Untracked 
| 442|0x000000009ba00000, 0x000000009ba00000, 0x000000009bb00000|  0%| F|  |TAMS 0x000000009ba00000| PB 0x000000009ba00000| Untracked 
| 443|0x000000009bb00000, 0x000000009bb00000, 0x000000009bc00000|  0%| F|  |TAMS 0x000000009bb00000| PB 0x000000009bb00000| Untracked 
| 444|0x000000009bc00000, 0x000000009bc00000, 0x000000009bd00000|  0%| F|  |TAMS 0x000000009bc00000| PB 0x000000009bc00000| Untracked 
| 445|0x000000009bd00000, 0x000000009bd00000, 0x000000009be00000|  0%| F|  |TAMS 0x000000009bd00000| PB 0x000000009bd00000| Untracked 
| 446|0x000000009be00000, 0x000000009be00000, 0x000000009bf00000|  0%| F|  |TAMS 0x000000009be00000| PB 0x000000009be00000| Untracked 
| 447|0x000000009bf00000, 0x000000009bf00000, 0x000000009c000000|  0%| F|  |TAMS 0x000000009bf00000| PB 0x000000009bf00000| Untracked 
| 448|0x000000009c000000, 0x000000009c000000, 0x000000009c100000|  0%| F|  |TAMS 0x000000009c000000| PB 0x000000009c000000| Untracked 
| 449|0x000000009c100000, 0x000000009c100000, 0x000000009c200000|  0%| F|  |TAMS 0x000000009c100000| PB 0x000000009c100000| Untracked 
| 450|0x000000009c200000, 0x000000009c200000, 0x000000009c300000|  0%| F|  |TAMS 0x000000009c200000| PB 0x000000009c200000| Untracked 
| 451|0x000000009c300000, 0x000000009c300000, 0x000000009c400000|  0%| F|  |TAMS 0x000000009c300000| PB 0x000000009c300000| Untracked 
| 452|0x000000009c400000, 0x000000009c400000, 0x000000009c500000|  0%| F|  |TAMS 0x000000009c400000| PB 0x000000009c400000| Untracked 
| 453|0x000000009c500000, 0x000000009c500000, 0x000000009c600000|  0%| F|  |TAMS 0x000000009c500000| PB 0x000000009c500000| Untracked 
| 454|0x000000009c600000, 0x000000009c600000, 0x000000009c700000|  0%| F|  |TAMS 0x000000009c600000| PB 0x000000009c600000| Untracked 
| 455|0x000000009c700000, 0x000000009c700000, 0x000000009c800000|  0%| F|  |TAMS 0x000000009c700000| PB 0x000000009c700000| Untracked 
| 456|0x000000009c800000, 0x000000009c800000, 0x000000009c900000|  0%| F|  |TAMS 0x000000009c800000| PB 0x000000009c800000| Untracked 
| 457|0x000000009c900000, 0x000000009c900000, 0x000000009ca00000|  0%| F|  |TAMS 0x000000009c900000| PB 0x000000009c900000| Untracked 
| 458|0x000000009ca00000, 0x000000009ca00000, 0x000000009cb00000|  0%| F|  |TAMS 0x000000009ca00000| PB 0x000000009ca00000| Untracked 
| 459|0x000000009cb00000, 0x000000009cb00000, 0x000000009cc00000|  0%| F|  |TAMS 0x000000009cb00000| PB 0x000000009cb00000| Untracked 
| 460|0x000000009cc00000, 0x000000009cc00000, 0x000000009cd00000|  0%| F|  |TAMS 0x000000009cc00000| PB 0x000000009cc00000| Untracked 
| 461|0x000000009cd00000, 0x000000009cd00000, 0x000000009ce00000|  0%| F|  |TAMS 0x000000009cd00000| PB 0x000000009cd00000| Untracked 
| 462|0x000000009ce00000, 0x000000009ce00000, 0x000000009cf00000|  0%| F|  |TAMS 0x000000009ce00000| PB 0x000000009ce00000| Untracked 
| 463|0x000000009cf00000, 0x000000009cf00000, 0x000000009d000000|  0%| F|  |TAMS 0x000000009cf00000| PB 0x000000009cf00000| Untracked 
| 464|0x000000009d000000, 0x000000009d000000, 0x000000009d100000|  0%| F|  |TAMS 0x000000009d000000| PB 0x000000009d000000| Untracked 
| 465|0x000000009d100000, 0x000000009d100000, 0x000000009d200000|  0%| F|  |TAMS 0x000000009d100000| PB 0x000000009d100000| Untracked 
| 466|0x000000009d200000, 0x000000009d200000, 0x000000009d300000|  0%| F|  |TAMS 0x000000009d200000| PB 0x000000009d200000| Untracked 
| 467|0x000000009d300000, 0x000000009d300000, 0x000000009d400000|  0%| F|  |TAMS 0x000000009d300000| PB 0x000000009d300000| Untracked 
| 468|0x000000009d400000, 0x000000009d400000, 0x000000009d500000|  0%| F|  |TAMS 0x000000009d400000| PB 0x000000009d400000| Untracked 
| 469|0x000000009d500000, 0x000000009d500000, 0x000000009d600000|  0%| F|  |TAMS 0x000000009d500000| PB 0x000000009d500000| Untracked 
| 470|0x000000009d600000, 0x000000009d600000, 0x000000009d700000|  0%| F|  |TAMS 0x000000009d600000| PB 0x000000009d600000| Untracked 
| 471|0x000000009d700000, 0x000000009d700000, 0x000000009d800000|  0%| F|  |TAMS 0x000000009d700000| PB 0x000000009d700000| Untracked 
| 472|0x000000009d800000, 0x000000009d800000, 0x000000009d900000|  0%| F|  |TAMS 0x000000009d800000| PB 0x000000009d800000| Untracked 
| 473|0x000000009d900000, 0x000000009d900000, 0x000000009da00000|  0%| F|  |TAMS 0x000000009d900000| PB 0x000000009d900000| Untracked 
| 474|0x000000009da00000, 0x000000009da00000, 0x000000009db00000|  0%| F|  |TAMS 0x000000009da00000| PB 0x000000009da00000| Untracked 
| 475|0x000000009db00000, 0x000000009db00000, 0x000000009dc00000|  0%| F|  |TAMS 0x000000009db00000| PB 0x000000009db00000| Untracked 
| 476|0x000000009dc00000, 0x000000009dc00000, 0x000000009dd00000|  0%| F|  |TAMS 0x000000009dc00000| PB 0x000000009dc00000| Untracked 
| 477|0x000000009dd00000, 0x000000009dd00000, 0x000000009de00000|  0%| F|  |TAMS 0x000000009dd00000| PB 0x000000009dd00000| Untracked 
| 478|0x000000009de00000, 0x000000009de00000, 0x000000009df00000|  0%| F|  |TAMS 0x000000009de00000| PB 0x000000009de00000| Untracked 
| 479|0x000000009df00000, 0x000000009df00000, 0x000000009e000000|  0%| F|  |TAMS 0x000000009df00000| PB 0x000000009df00000| Untracked 
| 480|0x000000009e000000, 0x000000009e000000, 0x000000009e100000|  0%| F|  |TAMS 0x000000009e000000| PB 0x000000009e000000| Untracked 
| 481|0x000000009e100000, 0x000000009e100000, 0x000000009e200000|  0%| F|  |TAMS 0x000000009e100000| PB 0x000000009e100000| Untracked 
| 482|0x000000009e200000, 0x000000009e200000, 0x000000009e300000|  0%| F|  |TAMS 0x000000009e200000| PB 0x000000009e200000| Untracked 
| 483|0x000000009e300000, 0x000000009e300000, 0x000000009e400000|  0%| F|  |TAMS 0x000000009e300000| PB 0x000000009e300000| Untracked 
| 484|0x000000009e400000, 0x000000009e400000, 0x000000009e500000|  0%| F|  |TAMS 0x000000009e400000| PB 0x000000009e400000| Untracked 
| 485|0x000000009e500000, 0x000000009e500000, 0x000000009e600000|  0%| F|  |TAMS 0x000000009e500000| PB 0x000000009e500000| Untracked 
| 486|0x000000009e600000, 0x000000009e600000, 0x000000009e700000|  0%| F|  |TAMS 0x000000009e600000| PB 0x000000009e600000| Untracked 
| 487|0x000000009e700000, 0x000000009e700000, 0x000000009e800000|  0%| F|  |TAMS 0x000000009e700000| PB 0x000000009e700000| Untracked 
| 488|0x000000009e800000, 0x000000009e800000, 0x000000009e900000|  0%| F|  |TAMS 0x000000009e800000| PB 0x000000009e800000| Untracked 
| 489|0x000000009e900000, 0x000000009e900000, 0x000000009ea00000|  0%| F|  |TAMS 0x000000009e900000| PB 0x000000009e900000| Untracked 
| 490|0x000000009ea00000, 0x000000009ea00000, 0x000000009eb00000|  0%| F|  |TAMS 0x000000009ea00000| PB 0x000000009ea00000| Untracked 
| 491|0x000000009eb00000, 0x000000009eb00000, 0x000000009ec00000|  0%| F|  |TAMS 0x000000009eb00000| PB 0x000000009eb00000| Untracked 
| 492|0x000000009ec00000, 0x000000009ec00000, 0x000000009ed00000|  0%| F|  |TAMS 0x000000009ec00000| PB 0x000000009ec00000| Untracked 
| 493|0x000000009ed00000, 0x000000009ed00000, 0x000000009ee00000|  0%| F|  |TAMS 0x000000009ed00000| PB 0x000000009ed00000| Untracked 
|2005|0x00000000fd500000, 0x00000000fd600000, 0x00000000fd600000|100%| O|  |TAMS 0x00000000fd500000| PB 0x00000000fd500000| Untracked 
|2023|0x00000000fe700000, 0x00000000fe700000, 0x00000000fe800000|  0%| F|  |TAMS 0x00000000fe700000| PB 0x00000000fe700000| Untracked 
|2024|0x00000000fe800000, 0x00000000fe800000, 0x00000000fe900000|  0%| F|  |TAMS 0x00000000fe800000| PB 0x00000000fe800000| Untracked 
|2025|0x00000000fe900000, 0x00000000fe900000, 0x00000000fea00000|  0%| F|  |TAMS 0x00000000fe900000| PB 0x00000000fe900000| Untracked 
|2026|0x00000000fea00000, 0x00000000fea00000, 0x00000000feb00000|  0%| F|  |TAMS 0x00000000fea00000| PB 0x00000000fea00000| Untracked 
|2027|0x00000000feb00000, 0x00000000feb00000, 0x00000000fec00000|  0%| F|  |TAMS 0x00000000feb00000| PB 0x00000000feb00000| Untracked 
|2028|0x00000000fec00000, 0x00000000fec00000, 0x00000000fed00000|  0%| F|  |TAMS 0x00000000fec00000| PB 0x00000000fec00000| Untracked 
|2032|0x00000000ff000000, 0x00000000ff000000, 0x00000000ff100000|  0%| F|  |TAMS 0x00000000ff000000| PB 0x00000000ff000000| Untracked 
|2033|0x00000000ff100000, 0x00000000ff100000, 0x00000000ff200000|  0%| F|  |TAMS 0x00000000ff100000| PB 0x00000000ff100000| Untracked 
|2034|0x00000000ff200000, 0x00000000ff200000, 0x00000000ff300000|  0%| F|  |TAMS 0x00000000ff200000| PB 0x00000000ff200000| Untracked 
|2035|0x00000000ff300000, 0x00000000ff300000, 0x00000000ff400000|  0%| F|  |TAMS 0x00000000ff300000| PB 0x00000000ff300000| Untracked 
|2036|0x00000000ff400000, 0x00000000ff400000, 0x00000000ff500000|  0%| F|  |TAMS 0x00000000ff400000| PB 0x00000000ff400000| Untracked 
|2037|0x00000000ff500000, 0x00000000ff500000, 0x00000000ff600000|  0%| F|  |TAMS 0x00000000ff500000| PB 0x00000000ff500000| Untracked 
|2038|0x00000000ff600000, 0x00000000ff600000, 0x00000000ff700000|  0%| F|  |TAMS 0x00000000ff600000| PB 0x00000000ff600000| Untracked 
|2039|0x00000000ff700000, 0x00000000ff700000, 0x00000000ff800000|  0%| F|  |TAMS 0x00000000ff700000| PB 0x00000000ff700000| Untracked 
|2040|0x00000000ff800000, 0x00000000ff900000, 0x00000000ff900000|100%| O|  |TAMS 0x00000000ff800000| PB 0x00000000ff800000| Untracked 
|2041|0x00000000ff900000, 0x00000000ff900000, 0x00000000ffa00000|  0%| F|  |TAMS 0x00000000ff900000| PB 0x00000000ff900000| Untracked 
|2042|0x00000000ffa00000, 0x00000000ffa00000, 0x00000000ffb00000|  0%| F|  |TAMS 0x00000000ffa00000| PB 0x00000000ffa00000| Untracked 
|2043|0x00000000ffb00000, 0x00000000ffb00000, 0x00000000ffc00000|  0%| F|  |TAMS 0x00000000ffb00000| PB 0x00000000ffb00000| Untracked 
|2044|0x00000000ffc00000, 0x00000000ffc00000, 0x00000000ffd00000|  0%| F|  |TAMS 0x00000000ffc00000| PB 0x00000000ffc00000| Untracked 
|2045|0x00000000ffd00000, 0x00000000ffd00000, 0x00000000ffe00000|  0%| F|  |TAMS 0x00000000ffd00000| PB 0x00000000ffd00000| Untracked 
|2046|0x00000000ffe00000, 0x00000000fff00000, 0x00000000fff00000|100%| O|  |TAMS 0x00000000ffe00000| PB 0x00000000ffe00000| Untracked 
|2047|0x00000000fff00000, 0x0000000100000000, 0x0000000100000000|100%| O|  |TAMS 0x00000000fff00000| PB 0x00000000fff00000| Untracked 

Card table byte_map: [0x000001c5948a0000,0x000001c594ca0000] _byte_map_base: 0x000001c5944a0000

Marking Bits: (CMBitMap*) 0x000001c581e39d30
 Bits: [0x000001c594ca0000, 0x000001c596ca0000)

Polling page: 0x000001c5815a0000

Metaspace:

Usage:
  Non-class:    166.10 MB used.
      Class:     23.81 MB used.
       Both:    189.90 MB used.

Virtual space:
  Non-class space:      192.00 MB reserved,     168.12 MB ( 88%) committed,  3 nodes.
      Class space:        1.00 GB reserved,      25.75 MB (  3%) committed,  1 nodes.
             Both:        1.19 GB reserved,     193.88 MB ( 16%) committed. 

Chunk freelists:
   Non-Class:  8.41 MB
       Class:  7.34 MB
        Both:  15.75 MB

MaxMetaspaceSize: unlimited
CompressedClassSpaceSize: 1.00 GB
Initial GC threshold: 21.00 MB
Current GC threshold: 324.50 MB
CDS: off
 - commit_granule_bytes: 65536.
 - commit_granule_words: 8192.
 - virtual_space_node_default_size: 8388608.
 - enlarge_chunks_in_place: 1.
 - use_allocation_guard: 0.


Internal statistics:

num_allocs_failed_limit: 9.
num_arena_births: 5726.
num_arena_deaths: 2470.
num_vsnodes_births: 4.
num_vsnodes_deaths: 0.
num_space_committed: 3258.
num_space_uncommitted: 108.
num_chunks_returned_to_freelist: 4443.
num_chunks_taken_from_freelist: 16551.
num_chunk_merges: 1161.
num_chunk_splits: 9763.
num_chunks_enlarged: 6364.
num_inconsistent_stats: 0.

CodeHeap 'non-profiled nmethods': size=120000Kb used=28092Kb max_used=29096Kb free=91907Kb
 bounds [0x000001c58ca10000, 0x000001c58e6a0000, 0x000001c593f40000]
CodeHeap 'profiled nmethods': size=120000Kb used=43396Kb max_used=44389Kb free=76603Kb
 bounds [0x000001c584f40000, 0x000001c587b20000, 0x000001c58c470000]
CodeHeap 'non-nmethods': size=5760Kb used=2257Kb max_used=2344Kb free=3502Kb
 bounds [0x000001c58c470000, 0x000001c58c6e0000, 0x000001c58ca10000]
CodeCache: size=245760Kb, used=73745Kb, max_used=75829Kb, free=172012Kb
 total_blobs=19877, nmethods=18767, adapters=1009, full_count=0
Compilation: enabled, stopped_count=0, restarted_count=0

Compilation events (20 events):
Event: 3963.471 Thread 0x000001c599b85490 61086       1       com.android.tools.r8.internal.fl0::o (3 bytes)
Event: 3963.471 Thread 0x000001c599b85490 nmethod 61086 0x000001c58d969b90 code [0x000001c58d969d20, 0x000001c58d969de8]
Event: 3963.471 Thread 0x000001c599b85490 61087       1       com.android.tools.r8.internal.zl0::o (3 bytes)
Event: 3963.471 Thread 0x000001c599b85490 nmethod 61087 0x000001c58d984f90 code [0x000001c58d985120, 0x000001c58d9851e8]
Event: 3963.472 Thread 0x000001c5a5b54790 nmethod 59915 0x000001c58d1c7090 code [0x000001c58d1c7220, 0x000001c58d1c73f0]
Event: 3963.472 Thread 0x000001c5a5b54790 59823       4       com.android.tools.r8.internal.l2::iterator (8 bytes)
Event: 3963.476 Thread 0x000001c599b85490 61088       3       com.android.tools.r8.internal.af0::a (25 bytes)
Event: 3963.476 Thread 0x000001c599b85490 nmethod 61088 0x000001c585457f10 code [0x000001c5854580e0, 0x000001c5854584c8]
Event: 3963.476 Thread 0x000001c599b85490 61089       1       com.android.tools.r8.internal.eb0::o (4 bytes)
Event: 3963.476 Thread 0x000001c599b85490 nmethod 61089 0x000001c58d99ca10 code [0x000001c58d99cba0, 0x000001c58d99cc68]
Event: 3963.482 Thread 0x000001c5a5b54790 nmethod 59823 0x000001c58caa3210 code [0x000001c58caa33e0, 0x000001c58caa3928]
Event: 3963.483 Thread 0x000001c5a5b54790 59845       4       com.android.tools.r8.internal.l2::size (8 bytes)
Event: 3963.484 Thread 0x000001c5a5b54790 nmethod 59845 0x000001c58db4e010 code [0x000001c58db4e1a0, 0x000001c58db4e258]
Event: 3963.484 Thread 0x000001c5a5b54790 59899       4       com.android.tools.r8.internal.v61::g (41 bytes)
Event: 3963.489 Thread 0x000001c5a5b54790 nmethod 59899 0x000001c58ce07490 code [0x000001c58ce07620, 0x000001c58ce07860]
Event: 3963.489 Thread 0x000001c5a5b54790 59778       4       com.android.tools.r8.internal.d2::e (25 bytes)
Event: 3963.500 Thread 0x000001c5a5b54790 nmethod 59778 0x000001c58dd53890 code [0x000001c58dd53a60, 0x000001c58dd53f70]
Event: 3963.500 Thread 0x000001c5a5b54790 59485       4       com.android.tools.r8.internal.a2::a (72 bytes)
Event: 3963.501 Thread 0x000001c5a5b54790 nmethod 59485 0x000001c58df7ea10 code [0x000001c58df7eba0, 0x000001c58df7ecd0]
Event: 3963.502 Thread 0x000001c5a5b54790 59684       4       com.android.tools.r8.graph.l6::a (6 bytes)

GC Heap History (20 events):
Event: 3924.283 GC heap after
{Heap after GC invocations=202 (full 0):
 garbage-first heap   total 505856K, used 167429K [0x0000000080000000, 0x0000000100000000)
  region size 1024K, 6 young (6144K), 6 survivors (6144K)
 Metaspace       used 196198K, committed 198720K, reserved 1245184K
  class space    used 24562K, committed 26368K, reserved 1048576K
}
Event: 3925.611 GC heap before
{Heap before GC invocations=202 (full 0):
 garbage-first heap   total 505856K, used 449029K [0x0000000080000000, 0x0000000100000000)
  region size 1024K, 272 young (278528K), 6 survivors (6144K)
 Metaspace       used 196561K, committed 199040K, reserved 1245184K
  class space    used 24598K, committed 26368K, reserved 1048576K
}
Event: 3925.646 GC heap after
{Heap after GC invocations=203 (full 0):
 garbage-first heap   total 505856K, used 170701K [0x0000000080000000, 0x0000000100000000)
  region size 1024K, 27 young (27648K), 27 survivors (27648K)
 Metaspace       used 196561K, committed 199040K, reserved 1245184K
  class space    used 24598K, committed 26368K, reserved 1048576K
}
Event: 3925.668 GC heap before
{Heap before GC invocations=203 (full 0):
 garbage-first heap   total 505856K, used 175821K [0x0000000080000000, 0x0000000100000000)
  region size 1024K, 33 young (33792K), 27 survivors (27648K)
 Metaspace       used 196561K, committed 199040K, reserved 1245184K
  class space    used 24598K, committed 26368K, reserved 1048576K
}
Event: 3925.686 GC heap after
{Heap after GC invocations=204 (full 0):
 garbage-first heap   total 505856K, used 173907K [0x0000000080000000, 0x0000000100000000)
  region size 1024K, 4 young (4096K), 4 survivors (4096K)
 Metaspace       used 196561K, committed 199040K, reserved 1245184K
  class space    used 24598K, committed 26368K, reserved 1048576K
}
Event: 3961.123 GC heap before
{Heap before GC invocations=205 (full 0):
 garbage-first heap   total 505856K, used 414547K [0x0000000080000000, 0x0000000100000000)
  region size 1024K, 238 young (243712K), 4 survivors (4096K)
 Metaspace       used 197121K, committed 199552K, reserved 1245184K
  class space    used 24656K, committed 26368K, reserved 1048576K
}
Event: 3961.147 GC heap after
{Heap after GC invocations=206 (full 0):
 garbage-first heap   total 505856K, used 201728K [0x0000000080000000, 0x0000000100000000)
  region size 1024K, 30 young (30720K), 30 survivors (30720K)
 Metaspace       used 197121K, committed 199552K, reserved 1245184K
  class space    used 24656K, committed 26368K, reserved 1048576K
}
Event: 3961.350 GC heap before
{Heap before GC invocations=206 (full 0):
 garbage-first heap   total 505856K, used 421888K [0x0000000080000000, 0x0000000100000000)
  region size 1024K, 246 young (251904K), 30 survivors (30720K)
 Metaspace       used 197121K, committed 199552K, reserved 1245184K
  class space    used 24656K, committed 26368K, reserved 1048576K
}
Event: 3961.375 GC heap after
{Heap after GC invocations=207 (full 0):
 garbage-first heap   total 505856K, used 200499K [0x0000000080000000, 0x0000000100000000)
  region size 1024K, 7 young (7168K), 7 survivors (7168K)
 Metaspace       used 197121K, committed 199552K, reserved 1245184K
  class space    used 24656K, committed 26368K, reserved 1048576K
}
Event: 3961.580 GC heap before
{Heap before GC invocations=207 (full 0):
 garbage-first heap   total 505856K, used 432947K [0x0000000080000000, 0x0000000100000000)
  region size 1024K, 235 young (240640K), 7 survivors (7168K)
 Metaspace       used 197124K, committed 199552K, reserved 1245184K
  class space    used 24656K, committed 26368K, reserved 1048576K
}
Event: 3961.589 GC heap after
{Heap after GC invocations=208 (full 0):
 garbage-first heap   total 505856K, used 200781K [0x0000000080000000, 0x0000000100000000)
  region size 1024K, 8 young (8192K), 8 survivors (8192K)
 Metaspace       used 197124K, committed 199552K, reserved 1245184K
  class space    used 24656K, committed 26368K, reserved 1048576K
}
Event: 3961.892 GC heap before
{Heap before GC invocations=209 (full 0):
 garbage-first heap   total 505856K, used 429133K [0x0000000080000000, 0x0000000100000000)
  region size 1024K, 245 young (250880K), 8 survivors (8192K)
 Metaspace       used 194458K, committed 198528K, reserved 1245184K
  class space    used 24378K, committed 26368K, reserved 1048576K
}
Event: 3961.901 GC heap after
{Heap after GC invocations=210 (full 0):
 garbage-first heap   total 505856K, used 190360K [0x0000000080000000, 0x0000000100000000)
  region size 1024K, 10 young (10240K), 10 survivors (10240K)
 Metaspace       used 194458K, committed 198528K, reserved 1245184K
  class space    used 24378K, committed 26368K, reserved 1048576K
}
Event: 3962.135 GC heap before
{Heap before GC invocations=210 (full 0):
 garbage-first heap   total 505856K, used 448408K [0x0000000080000000, 0x0000000100000000)
  region size 1024K, 263 young (269312K), 10 survivors (10240K)
 Metaspace       used 194458K, committed 198528K, reserved 1245184K
  class space    used 24378K, committed 26368K, reserved 1048576K
}
Event: 3962.150 GC heap after
{Heap after GC invocations=211 (full 0):
 garbage-first heap   total 505856K, used 171904K [0x0000000080000000, 0x0000000100000000)
  region size 1024K, 11 young (11264K), 11 survivors (11264K)
 Metaspace       used 194458K, committed 198528K, reserved 1245184K
  class space    used 24378K, committed 26368K, reserved 1048576K
}
Event: 3962.407 GC heap before
{Heap before GC invocations=211 (full 0):
 garbage-first heap   total 505856K, used 452480K [0x0000000080000000, 0x0000000100000000)
  region size 1024K, 286 young (292864K), 11 survivors (11264K)
 Metaspace       used 194460K, committed 198528K, reserved 1245184K
  class space    used 24378K, committed 26368K, reserved 1048576K
}
Event: 3962.417 GC heap after
{Heap after GC invocations=212 (full 0):
 garbage-first heap   total 505856K, used 172414K [0x0000000080000000, 0x0000000100000000)
  region size 1024K, 12 young (12288K), 12 survivors (12288K)
 Metaspace       used 194460K, committed 198528K, reserved 1245184K
  class space    used 24378K, committed 26368K, reserved 1048576K
}
Event: 3962.916 GC heap before
{Heap before GC invocations=213 (full 0):
 garbage-first heap   total 505856K, used 459134K [0x0000000080000000, 0x0000000100000000)
  region size 1024K, 293 young (300032K), 12 survivors (12288K)
 Metaspace       used 194461K, committed 198528K, reserved 1245184K
  class space    used 24378K, committed 26368K, reserved 1048576K
}
Event: 3962.925 GC heap after
{Heap after GC invocations=214 (full 0):
 garbage-first heap   total 505856K, used 172447K [0x0000000080000000, 0x0000000100000000)
  region size 1024K, 12 young (12288K), 12 survivors (12288K)
 Metaspace       used 194461K, committed 198528K, reserved 1245184K
  class space    used 24378K, committed 26368K, reserved 1048576K
}
Event: 3963.503 GC heap before
{Heap before GC invocations=214 (full 0):
 garbage-first heap   total 505856K, used 462239K [0x0000000080000000, 0x0000000100000000)
  region size 1024K, 296 young (303104K), 12 survivors (12288K)
 Metaspace       used 194462K, committed 198528K, reserved 1245184K
  class space    used 24378K, committed 26368K, reserved 1048576K
}

Dll operation events (20 events):
Event: 1116.230 Unloaded dll "C:\Users\Lenovo\AppData\Local\Temp\sqlite-3.41.2.2-061aef15-662f-4d8e-99da-5a476794b6ad-sqlitejdbc.dll" [0x00007ffefc3b0000]
Event: 1116.231 Unloaded dll "C:\Users\Lenovo\AppData\Local\Temp\sqlite-3.41.2.2-7958b8f2-970b-4083-8d54-478d28af521a-sqlitejdbc.dll" [0x00007ffefc2c0000]
Event: 1587.784 Unloaded dll "C:\Users\Lenovo\AppData\Local\Temp\sqlite-3.41.2.2-f72bbbb1-ef44-4dce-961a-784deca0dfd0-sqlitejdbc.dll" [0x00007ffefc290000]
Event: 1826.350 Unloaded dll "C:\Users\Lenovo\AppData\Local\Temp\sqlite-3.41.2.2-e9a3fba0-df5c-4225-9190-4bb02871ef9d-sqlitejdbc.dll" [0x00007ffefc3b0000]
Event: 2138.145 Unloaded dll "C:\Users\Lenovo\AppData\Local\Temp\sqlite-3.41.2.2-7262b475-e30d-48f2-a7ce-2841527f3bfa-sqlitejdbc.dll" [0x00007ffefc0a0000]
Event: 2138.145 Unloaded dll "C:\Users\Lenovo\AppData\Local\Temp\sqlite-3.41.2.2-6ce69076-12d0-40b3-941e-18300cd1a4f6-sqlitejdbc.dll" [0x00007ffefc3b0000]
Event: 2138.145 Unloaded dll "C:\Users\Lenovo\AppData\Local\Temp\sqlite-3.41.2.2-cc60d8e8-d0b2-42dc-bca4-728a62bbb57a-sqlitejdbc.dll" [0x00007ffefc2c0000]
Event: 2480.637 Unloaded dll "C:\Users\Lenovo\AppData\Local\Temp\sqlite-3.41.2.2-d4c1dfd4-6811-4f46-898b-1174904bd4dc-sqlitejdbc.dll" [0x00007ffefb950000]
Event: 2956.163 Unloaded dll "C:\Users\Lenovo\AppData\Local\Temp\sqlite-3.41.2.2-a5146f06-36eb-4703-b894-001b3b8674ca-sqlitejdbc.dll" [0x00007ffefc3b0000]
Event: 2956.164 Unloaded dll "C:\Users\Lenovo\AppData\Local\Temp\sqlite-3.41.2.2-805b43af-b60b-46f0-8b8f-0be08c17df9b-sqlitejdbc.dll" [0x00007ffefc2c0000]
Event: 3279.069 Unloaded dll "C:\Users\Lenovo\AppData\Local\Temp\sqlite-3.41.2.2-3c228e15-b8f1-4067-92db-723c7797c10a-sqlitejdbc.dll" [0x00007fff0cbd0000]
Event: 3279.069 Unloaded dll "C:\Users\Lenovo\AppData\Local\Temp\sqlite-3.41.2.2-4e80dd3f-a1d9-40b9-b853-04d5cd189302-sqlitejdbc.dll" [0x00007fff09af0000]
Event: 3279.070 Unloaded dll "C:\Users\Lenovo\AppData\Local\Temp\sqlite-3.41.2.2-b46b3cbc-87e1-48c8-9cd4-ab05fad9cfef-sqlitejdbc.dll" [0x00007ffefc0a0000]
Event: 3299.308 Unloaded dll "C:\Users\Lenovo\AppData\Local\Temp\sqlite-3.41.2.2-c8288f6a-6e40-4c8c-8bb4-d9a04bd32c3e-sqlitejdbc.dll" [0x00007fff08bd0000]
Event: 3299.309 Unloaded dll "C:\Users\Lenovo\AppData\Local\Temp\sqlite-3.41.2.2-5f2a1356-cbf4-407f-b968-6e54a17b4064-sqlitejdbc.dll" [0x00007fff0cbd0000]
Event: 3540.972 Unloaded dll "C:\Users\Lenovo\AppData\Local\Temp\sqlite-3.41.2.2-93310a6f-83d8-483f-8703-53c010576712-sqlitejdbc.dll" [0x00007fff09af0000]
Event: 3891.318 Unloaded dll "C:\Users\Lenovo\AppData\Local\Temp\sqlite-3.41.2.2-f4a06a97-dfff-4302-ba1e-1c6de4f888e5-sqlitejdbc.dll" [0x00007fff0cbd0000]
Event: 3961.771 Unloaded dll "C:\Users\Lenovo\AppData\Local\Temp\sqlite-3.41.2.2-a948c552-a06d-4f20-ace3-71a534889357-sqlitejdbc.dll" [0x00007fff0cbd0000]
Event: 3961.771 Unloaded dll "C:\Users\Lenovo\AppData\Local\Temp\sqlite-3.41.2.2-1bfdf7e4-9553-4b40-9011-9eeee52d9cf1-sqlitejdbc.dll" [0x00007fff1ac60000]
Event: 3961.772 Unloaded dll "C:\Users\Lenovo\AppData\Local\Temp\sqlite-3.41.2.2-71410581-ae5a-42a3-8da7-fb0c44f9e8ce-sqlitejdbc.dll" [0x00007fff1ad50000]

Deoptimization events (20 events):
Event: 3962.604 Thread 0x000001c5b74d2000 DEOPT PACKING pc=0x000001c586b11d39 sp=0x0000000c5d2fc640
Event: 3962.604 Thread 0x000001c5b74d2000 DEOPT UNPACKING pc=0x000001c58c4c4b42 sp=0x0000000c5d2fbba8 mode 0
Event: 3962.740 Thread 0x000001c5b74d2000 DEOPT PACKING pc=0x000001c586b11cd6 sp=0x0000000c5d2fc640
Event: 3962.740 Thread 0x000001c5b74d2000 DEOPT UNPACKING pc=0x000001c58c4c4b42 sp=0x0000000c5d2fbb98 mode 0
Event: 3962.776 Thread 0x000001c5b5a2bac0 DEOPT PACKING pc=0x000001c5859f0e55 sp=0x0000000c5c4fbf80
Event: 3962.776 Thread 0x000001c5b5a2bac0 DEOPT UNPACKING pc=0x000001c58c4c4b42 sp=0x0000000c5c4fb538 mode 0
Event: 3962.782 Thread 0x000001c5b5a2bac0 DEOPT PACKING pc=0x000001c586b11d39 sp=0x0000000c5c4fc0c0
Event: 3962.782 Thread 0x000001c5b5a2bac0 DEOPT UNPACKING pc=0x000001c58c4c4b42 sp=0x0000000c5c4fb628 mode 0
Event: 3962.871 Thread 0x000001c5b74d2000 DEOPT PACKING pc=0x000001c586b11d39 sp=0x0000000c5d2fc640
Event: 3962.871 Thread 0x000001c5b74d2000 DEOPT UNPACKING pc=0x000001c58c4c4b42 sp=0x0000000c5d2fbba8 mode 0
Event: 3962.928 Thread 0x000001c5b74d2000 DEOPT PACKING pc=0x000001c5859f0e55 sp=0x0000000c5d2fc500
Event: 3962.928 Thread 0x000001c5b74d2000 DEOPT UNPACKING pc=0x000001c58c4c4b42 sp=0x0000000c5d2fbab8 mode 0
Event: 3963.025 Thread 0x000001c5b74d2000 Uncommon trap: trap_request=0xffffffd6 fr.pc=0x000001c58dd4cdd8 relative=0x0000000000001838
Event: 3963.025 Thread 0x000001c5b74d2000 Uncommon trap: reason=array_check action=maybe_recompile pc=0x000001c58dd4cdd8 method=java.util.TimSort.mergeHi(IIII)V @ 101 c2
Event: 3963.025 Thread 0x000001c5b74d2000 DEOPT PACKING pc=0x000001c58dd4cdd8 sp=0x0000000c5d2fc460
Event: 3963.025 Thread 0x000001c5b74d2000 DEOPT UNPACKING pc=0x000001c58c4c43a2 sp=0x0000000c5d2fc438 mode 2
Event: 3963.075 Thread 0x000001c5b5a2bac0 DEOPT PACKING pc=0x000001c58538739a sp=0x0000000c5c4fc270
Event: 3963.075 Thread 0x000001c5b5a2bac0 DEOPT UNPACKING pc=0x000001c58c4c4b42 sp=0x0000000c5c4fb730 mode 0
Event: 3963.147 Thread 0x000001c5b5a2bac0 DEOPT PACKING pc=0x000001c5859f0e55 sp=0x0000000c5c4fbf80
Event: 3963.148 Thread 0x000001c5b5a2bac0 DEOPT UNPACKING pc=0x000001c58c4c4b42 sp=0x0000000c5c4fb538 mode 0

Classes loaded (20 events):
Event: 361.112 Loading class java/lang/StackStreamFactory$WalkerState
Event: 361.112 Loading class java/lang/StackStreamFactory$WalkerState done
Event: 361.112 Loading class java/lang/StackStreamFactory$StackFrameTraverser$StackFrameBuffer
Event: 361.113 Loading class java/lang/StackStreamFactory$FrameBuffer
Event: 361.113 Loading class java/lang/StackStreamFactory$FrameBuffer done
Event: 361.113 Loading class java/lang/StackStreamFactory$StackFrameTraverser$StackFrameBuffer done
Event: 361.114 Loading class java/util/logging/LogRecord
Event: 361.115 Loading class java/util/logging/LogRecord done
Event: 477.766 Loading class jdk/internal/math/FormattedFPDecimal
Event: 477.768 Loading class jdk/internal/math/FormattedFPDecimal done
Event: 487.185 Loading class java/rmi/server/Unreferenced
Event: 487.185 Loading class java/rmi/server/Unreferenced done
Event: 3272.655 Loading class java/lang/Throwable$PrintStreamOrWriter
Event: 3272.657 Loading class java/lang/Throwable$PrintStreamOrWriter done
Event: 3272.719 Loading class java/util/Collections$EmptyListIterator
Event: 3272.720 Loading class java/util/Collections$EmptyListIterator done
Event: 3272.739 Loading class java/io/CharArrayWriter
Event: 3272.740 Loading class java/io/CharArrayWriter done
Event: 3272.828 Loading class java/net/UrlDeserializedState
Event: 3272.829 Loading class java/net/UrlDeserializedState done

Classes unloaded (20 events):
Event: 3961.743 Thread 0x000001c599a99460 Unloading class 0x00000001005df668 'androidx/room/compiler/processing/ksp/KspProcessingEnv$$Lambda+0x00000001005df668'
Event: 3961.743 Thread 0x000001c599a99460 Unloading class 0x00000001005df410 'androidx/room/compiler/processing/ksp/KspProcessingEnv$$Lambda+0x00000001005df410'
Event: 3961.743 Thread 0x000001c599a99460 Unloading class 0x00000001005def70 'androidx/room/compiler/processing/XProcessingEnv$Platform'
Event: 3961.743 Thread 0x000001c599a99460 Unloading class 0x00000001005ded18 'androidx/room/compiler/processing/ksp/KspProcessingEnv$$Lambda+0x00000001005ded18'
Event: 3961.743 Thread 0x000001c599a99460 Unloading class 0x00000001005de878 'androidx/room/compiler/processing/XProcessingEnv$Backend'
Event: 3961.743 Thread 0x000001c599a99460 Unloading class 0x00000001005de640 'androidx/room/compiler/processing/XProcessingEnv$Companion'
Event: 3961.743 Thread 0x000001c599a99460 Unloading class 0x00000001005de278 'androidx/room/compiler/processing/ksp/KspProcessingEnv'
Event: 3961.743 Thread 0x000001c599a99460 Unloading class 0x00000001019c5d90 'androidx/room/compiler/processing/XProcessingEnv'
Event: 3961.743 Thread 0x000001c599a99460 Unloading class 0x00000001005de000 'androidx/room/compiler/processing/ksp/KspBasicAnnotationProcessor$DelegateLogger'
Event: 3961.743 Thread 0x000001c599a99460 Unloading class 0x00000001019c58e8 'androidx/room/processor/Context$BooleanProcessorOptions'
Event: 3961.743 Thread 0x000001c599a99460 Unloading class 0x00000001019c56a8 'androidx/room/compiler/processing/XProcessingEnvConfig$Builder'
Event: 3961.743 Thread 0x000001c599a99460 Unloading class 0x00000001019c5470 'androidx/room/compiler/processing/XProcessingEnvConfig$Companion'
Event: 3961.743 Thread 0x000001c599a99460 Unloading class 0x00000001019c5238 'androidx/room/compiler/processing/XProcessingEnvConfig'
Event: 3961.743 Thread 0x000001c599a99460 Unloading class 0x00000001019c5000 'androidx/room/DatabaseProcessingStep$Companion'
Event: 3961.743 Thread 0x000001c599a99460 Unloading class 0x00000001005c84f0 'androidx/room/DatabaseProcessingStep'
Event: 3961.743 Thread 0x000001c599a99460 Unloading class 0x00000001005c82c0 'androidx/room/compiler/processing/XProcessingStep'
Event: 3961.743 Thread 0x000001c599a99460 Unloading class 0x00000001005c8000 'androidx/room/RoomKspProcessor'
Event: 3961.743 Thread 0x000001c599a99460 Unloading class 0x00000001005e2480 'androidx/room/compiler/processing/ksp/KspBasicAnnotationProcessor'
Event: 3961.743 Thread 0x000001c599a99460 Unloading class 0x00000001005e2250 'androidx/room/compiler/processing/XBasicAnnotationProcessor'
Event: 3961.743 Thread 0x000001c599a99460 Unloading class 0x00000001005e2000 'androidx/room/RoomKspProcessor$Provider'

Classes redefined (0 events):
No events

Internal exceptions (20 events):
Event: 3963.461 Thread 0x000001c5b5a2bac0 Exception <a 'sun/nio/fs/WindowsException'{0x000000008d9603d0}> (0x000000008d9603d0) 
thrown [s\src\hotspot\share\prims\jni.cpp, line 537]
Event: 3963.463 Thread 0x000001c5b5a2bac0 Exception <a 'sun/nio/fs/WindowsException'{0x000000008d96c910}> (0x000000008d96c910) 
thrown [s\src\hotspot\share\prims\jni.cpp, line 537]
Event: 3963.465 Thread 0x000001c5b5a2bac0 Exception <a 'sun/nio/fs/WindowsException'{0x000000008d972e28}> (0x000000008d972e28) 
thrown [s\src\hotspot\share\prims\jni.cpp, line 537]
Event: 3963.467 Thread 0x000001c5b5a2bac0 Exception <a 'sun/nio/fs/WindowsException'{0x000000008d97b0d8}> (0x000000008d97b0d8) 
thrown [s\src\hotspot\share\prims\jni.cpp, line 537]
Event: 3963.469 Thread 0x000001c5b5a2bac0 Exception <a 'sun/nio/fs/WindowsException'{0x000000008d643898}> (0x000000008d643898) 
thrown [s\src\hotspot\share\prims\jni.cpp, line 537]
Event: 3963.471 Thread 0x000001c5b5a2bac0 Exception <a 'sun/nio/fs/WindowsException'{0x000000008d698588}> (0x000000008d698588) 
thrown [s\src\hotspot\share\prims\jni.cpp, line 537]
Event: 3963.473 Thread 0x000001c5b5a2bac0 Exception <a 'sun/nio/fs/WindowsException'{0x000000008d6a0d88}> (0x000000008d6a0d88) 
thrown [s\src\hotspot\share\prims\jni.cpp, line 537]
Event: 3963.477 Thread 0x000001c5b5a2bac0 Exception <a 'sun/nio/fs/WindowsException'{0x000000008d305dd0}> (0x000000008d305dd0) 
thrown [s\src\hotspot\share\prims\jni.cpp, line 537]
Event: 3963.479 Thread 0x000001c5b5a2bac0 Exception <a 'sun/nio/fs/WindowsException'{0x000000008d34ccd8}> (0x000000008d34ccd8) 
thrown [s\src\hotspot\share\prims\jni.cpp, line 537]
Event: 3963.480 Thread 0x000001c5b5a2bac0 Exception <a 'sun/nio/fs/WindowsException'{0x000000008d354bb0}> (0x000000008d354bb0) 
thrown [s\src\hotspot\share\prims\jni.cpp, line 537]
Event: 3963.483 Thread 0x000001c5b5a2bac0 Exception <a 'sun/nio/fs/WindowsException'{0x000000008d35cf30}> (0x000000008d35cf30) 
thrown [s\src\hotspot\share\prims\jni.cpp, line 537]
Event: 3963.485 Thread 0x000001c5b5a2bac0 Exception <a 'sun/nio/fs/WindowsException'{0x000000008d3637d8}> (0x000000008d3637d8) 
thrown [s\src\hotspot\share\prims\jni.cpp, line 537]
Event: 3963.488 Thread 0x000001c5b5a2bac0 Exception <a 'sun/nio/fs/WindowsException'{0x000000008d369f98}> (0x000000008d369f98) 
thrown [s\src\hotspot\share\prims\jni.cpp, line 537]
Event: 3963.489 Thread 0x000001c5b5a2bac0 Exception <a 'sun/nio/fs/WindowsException'{0x000000008d3737d8}> (0x000000008d3737d8) 
thrown [s\src\hotspot\share\prims\jni.cpp, line 537]
Event: 3963.491 Thread 0x000001c5b5a2bac0 Exception <a 'sun/nio/fs/WindowsException'{0x000000008d379258}> (0x000000008d379258) 
thrown [s\src\hotspot\share\prims\jni.cpp, line 537]
Event: 3963.493 Thread 0x000001c5b5a2bac0 Exception <a 'sun/nio/fs/WindowsException'{0x000000008d37ee78}> (0x000000008d37ee78) 
thrown [s\src\hotspot\share\prims\jni.cpp, line 537]
Event: 3963.495 Thread 0x000001c5b5a2bac0 Exception <a 'sun/nio/fs/WindowsException'{0x000000008cb51680}> (0x000000008cb51680) 
thrown [s\src\hotspot\share\prims\jni.cpp, line 537]
Event: 3963.497 Thread 0x000001c5b5a2bac0 Exception <a 'sun/nio/fs/WindowsException'{0x000000008cb572a8}> (0x000000008cb572a8) 
thrown [s\src\hotspot\share\prims\jni.cpp, line 537]
Event: 3963.500 Thread 0x000001c5b5a2bac0 Exception <a 'sun/nio/fs/WindowsException'{0x000000008cab7e30}> (0x000000008cab7e30) 
thrown [s\src\hotspot\share\prims\jni.cpp, line 537]
Event: 3963.502 Thread 0x000001c5b5a2bac0 Exception <a 'sun/nio/fs/WindowsException'{0x000000008cafeef8}> (0x000000008cafeef8) 
thrown [s\src\hotspot\share\prims\jni.cpp, line 537]

ZGC Phase Switch (0 events):
No events

VM Operations (20 events):
Event: 3961.375 Executing safepoint VM operation: G1CollectForAllocation (G1 Evacuation Pause) done
Event: 3961.580 Executing safepoint VM operation: G1CollectForAllocation (G1 Evacuation Pause)
Event: 3961.589 Executing safepoint VM operation: G1CollectForAllocation (G1 Evacuation Pause) done
Event: 3961.740 Executing safepoint VM operation: G1PauseRemark
Event: 3961.771 Executing safepoint VM operation: G1PauseRemark done
Event: 3961.891 Executing safepoint VM operation: G1PauseCleanup
Event: 3961.892 Executing safepoint VM operation: G1PauseCleanup done
Event: 3961.892 Executing safepoint VM operation: G1CollectForAllocation (G1 Evacuation Pause)
Event: 3961.901 Executing safepoint VM operation: G1CollectForAllocation (G1 Evacuation Pause) done
Event: 3962.135 Executing safepoint VM operation: G1CollectForAllocation (G1 Evacuation Pause)
Event: 3962.150 Executing safepoint VM operation: G1CollectForAllocation (G1 Evacuation Pause) done
Event: 3962.407 Executing safepoint VM operation: G1CollectForAllocation (G1 Evacuation Pause)
Event: 3962.417 Executing safepoint VM operation: G1CollectForAllocation (G1 Evacuation Pause) done
Event: 3962.563 Executing safepoint VM operation: G1PauseRemark
Event: 3962.578 Executing safepoint VM operation: G1PauseRemark done
Event: 3962.679 Executing safepoint VM operation: G1PauseCleanup
Event: 3962.680 Executing safepoint VM operation: G1PauseCleanup done
Event: 3962.915 Executing safepoint VM operation: G1CollectForAllocation (G1 Evacuation Pause)
Event: 3962.925 Executing safepoint VM operation: G1CollectForAllocation (G1 Evacuation Pause) done
Event: 3963.503 Executing safepoint VM operation: G1CollectForAllocation (G1 Evacuation Pause)

Memory protections (0 events):
No events

Nmethod flushes (20 events):
Event: 3962.577 Thread 0x000001c599a99460 flushing  nmethod 0x000001c586438910
Event: 3962.577 Thread 0x000001c599a99460 flushing  nmethod 0x000001c58661f290
Event: 3962.577 Thread 0x000001c599a99460 flushing  nmethod 0x000001c586ac6c90
Event: 3962.577 Thread 0x000001c599a99460 flushing  nmethod 0x000001c586ac7690
Event: 3962.577 Thread 0x000001c599a99460 flushing  nmethod 0x000001c586b09810
Event: 3962.577 Thread 0x000001c599a99460 flushing  nmethod 0x000001c586d34610
Event: 3962.577 Thread 0x000001c599a99460 flushing  nmethod 0x000001c586e39e90
Event: 3962.577 Thread 0x000001c599a99460 flushing  nmethod 0x000001c586ee0e90
Event: 3962.577 Thread 0x000001c599a99460 flushing  nmethod 0x000001c586ee7210
Event: 3962.577 Thread 0x000001c599a99460 flushing  nmethod 0x000001c586f6dc10
Event: 3962.577 Thread 0x000001c599a99460 flushing  nmethod 0x000001c586fc7110
Event: 3962.577 Thread 0x000001c599a99460 flushing  nmethod 0x000001c586fca210
Event: 3962.577 Thread 0x000001c599a99460 flushing  nmethod 0x000001c5870b4110
Event: 3962.577 Thread 0x000001c599a99460 flushing  nmethod 0x000001c587268c10
Event: 3962.577 Thread 0x000001c599a99460 flushing  nmethod 0x000001c587980f10
Event: 3962.577 Thread 0x000001c599a99460 flushing  nmethod 0x000001c587981f10
Event: 3962.577 Thread 0x000001c599a99460 flushing  nmethod 0x000001c587a1fa90
Event: 3962.577 Thread 0x000001c599a99460 flushing  nmethod 0x000001c587a20a90
Event: 3962.577 Thread 0x000001c599a99460 flushing  nmethod 0x000001c587a22810
Event: 3962.577 Thread 0x000001c599a99460 flushing  nmethod 0x000001c587a25390

Events (20 events):
Event: 3960.873 Thread 0x000001c5b5494150 Thread added: 0x000001c5b6684e10
Event: 3960.874 Thread 0x000001c5b5494150 Thread added: 0x000001c5b66861c0
Event: 3960.874 Thread 0x000001c5b5494150 Thread added: 0x000001c5b66854a0
Event: 3960.875 Thread 0x000001c5b5494150 Thread added: 0x000001c5b6a8c3a0
Event: 3960.879 Thread 0x000001c5b5494150 Thread added: 0x000001c5b6a8d0c0
Event: 3960.880 Thread 0x000001c5b5494150 Thread added: 0x000001c5b6a8bd10
Event: 3960.901 Thread 0x000001c599b85490 Thread added: 0x000001c5a5b54790
Event: 3960.929 Thread 0x000001c5b5492da0 Thread added: 0x000001c5b74d2000
Event: 3960.931 Thread 0x000001c5b5492da0 Thread added: 0x000001c5b74d12e0
Event: 3960.932 Thread 0x000001c5b5492da0 Thread added: 0x000001c5b74d0c50
Event: 3960.933 Thread 0x000001c5b5492da0 Thread added: 0x000001c5b5e02290
Event: 3960.934 Thread 0x000001c5b5492da0 Thread added: 0x000001c5b5e049f0
Event: 3960.935 Thread 0x000001c5b5492da0 Thread added: 0x000001c5b5e03cd0
Event: 3960.936 Thread 0x000001c5b5492da0 Thread added: 0x000001c5b5e05080
Event: 3960.938 Thread 0x000001c5b5492da0 Thread added: 0x000001c5b5e04360
Event: 3960.939 Thread 0x000001c5b5492da0 Thread added: 0x000001c5b5e03640
Event: 3960.940 Thread 0x000001c5b5492da0 Thread added: 0x000001c5b5e02920
Event: 3960.957 Thread 0x000001c5b5492da0 Thread added: 0x000001c5af925a30
Event: 3961.151 Thread 0x000001c5b74d1970 Thread exited: 0x000001c5b74d1970
Event: 3963.023 Thread 0x000001c5b5e02920 Thread exited: 0x000001c5b5e02920


Dynamic libraries:
0x00007ff6a25a0000 - 0x00007ff6a25aa000 	D:\Android\Android Studio\jbr\bin\java.exe
0x00007fff2c4b0000 - 0x00007fff2c6c7000 	C:\WINDOWS\SYSTEM32\ntdll.dll
0x00007fff2b290000 - 0x00007fff2b354000 	C:\WINDOWS\System32\KERNEL32.DLL
0x00007fff298c0000 - 0x00007fff29c92000 	C:\WINDOWS\System32\KERNELBASE.dll
0x00007fff295a0000 - 0x00007fff296b1000 	C:\WINDOWS\System32\ucrtbase.dll
0x00007fff25b40000 - 0x00007fff25b5b000 	D:\Android\Android Studio\jbr\bin\VCRUNTIME140.dll
0x00007ffefbf10000 - 0x00007ffefbf28000 	D:\Android\Android Studio\jbr\bin\jli.dll
0x00007fff2bc10000 - 0x00007fff2bdc1000 	C:\WINDOWS\System32\USER32.dll
0x00007fff2a110000 - 0x00007fff2a136000 	C:\WINDOWS\System32\win32u.dll
0x00007fff15b60000 - 0x00007fff15dfb000 	C:\WINDOWS\WinSxS\amd64_microsoft.windows.common-controls_6595b64144ccf1df_6.0.22621.5547_none_27104afb73855772\COMCTL32.dll
0x00007fff2bde0000 - 0x00007fff2be87000 	C:\WINDOWS\System32\msvcrt.dll
0x00007fff2c3b0000 - 0x00007fff2c3d9000 	C:\WINDOWS\System32\GDI32.dll
0x00007fff29e10000 - 0x00007fff29f33000 	C:\WINDOWS\System32\gdi32full.dll
0x00007fff2a040000 - 0x00007fff2a0da000 	C:\WINDOWS\System32\msvcp_win.dll
0x00007fff2af00000 - 0x00007fff2af31000 	C:\WINDOWS\System32\IMM32.DLL
0x00007fff26850000 - 0x00007fff2685c000 	D:\Android\Android Studio\jbr\bin\vcruntime140_1.dll
0x00007ffec5dd0000 - 0x00007ffec5e5d000 	D:\Android\Android Studio\jbr\bin\msvcp140.dll
0x00007ffe94a10000 - 0x00007ffe956a6000 	D:\Android\Android Studio\jbr\bin\server\jvm.dll
0x00007fff2b6e0000 - 0x00007fff2b791000 	C:\WINDOWS\System32\ADVAPI32.dll
0x00007fff2a400000 - 0x00007fff2a4a8000 	C:\WINDOWS\System32\sechost.dll
0x00007fff2a0e0000 - 0x00007fff2a108000 	C:\WINDOWS\System32\bcrypt.dll
0x00007fff2a2e0000 - 0x00007fff2a3f4000 	C:\WINDOWS\System32\RPCRT4.dll
0x00007fff2c3f0000 - 0x00007fff2c461000 	C:\WINDOWS\System32\WS2_32.dll
0x00007fff29470000 - 0x00007fff294bd000 	C:\WINDOWS\SYSTEM32\POWRPROF.dll
0x00007fff25470000 - 0x00007fff254a4000 	C:\WINDOWS\SYSTEM32\WINMM.dll
0x00007fff204b0000 - 0x00007fff204ba000 	C:\WINDOWS\SYSTEM32\VERSION.dll
0x00007fff29450000 - 0x00007fff29463000 	C:\WINDOWS\SYSTEM32\UMPDC.dll
0x00007fff28590000 - 0x00007fff285a8000 	C:\WINDOWS\SYSTEM32\kernel.appcore.dll
0x00007fff26840000 - 0x00007fff2684a000 	D:\Android\Android Studio\jbr\bin\jimage.dll
0x00007fff22330000 - 0x00007fff22563000 	C:\WINDOWS\SYSTEM32\DBGHELP.DLL
0x00007fff2b870000 - 0x00007fff2bc03000 	C:\WINDOWS\System32\combase.dll
0x00007fff2af40000 - 0x00007fff2b017000 	C:\WINDOWS\System32\OLEAUT32.dll
0x00007fff13fa0000 - 0x00007fff13fd2000 	C:\WINDOWS\SYSTEM32\dbgcore.DLL
0x00007fff29fc0000 - 0x00007fff2a03b000 	C:\WINDOWS\System32\bcryptPrimitives.dll
0x00007ffefbf00000 - 0x00007ffefbf0e000 	D:\Android\Android Studio\jbr\bin\instrument.dll
0x00007fff23680000 - 0x00007fff236a0000 	D:\Android\Android Studio\jbr\bin\java.dll
0x00007fff23660000 - 0x00007fff23678000 	D:\Android\Android Studio\jbr\bin\zip.dll
0x00007fff2a4b0000 - 0x00007fff2ad52000 	C:\WINDOWS\System32\SHELL32.dll
0x00007fff296c0000 - 0x00007fff297ff000 	C:\WINDOWS\System32\wintypes.dll
0x00007fff27480000 - 0x00007fff27d9d000 	C:\WINDOWS\SYSTEM32\windows.storage.dll
0x00007fff2b180000 - 0x00007fff2b28c000 	C:\WINDOWS\System32\SHCORE.dll
0x00007fff2b3e0000 - 0x00007fff2b449000 	C:\WINDOWS\System32\shlwapi.dll
0x00007fff294d0000 - 0x00007fff294fb000 	C:\WINDOWS\SYSTEM32\profapi.dll
0x00007fff23650000 - 0x00007fff23660000 	D:\Android\Android Studio\jbr\bin\net.dll
0x00007fff25290000 - 0x00007fff253bc000 	C:\WINDOWS\SYSTEM32\WINHTTP.dll
0x00007fff28a00000 - 0x00007fff28a69000 	C:\WINDOWS\system32\mswsock.dll
0x00007fff0bf30000 - 0x00007fff0bf46000 	D:\Android\Android Studio\jbr\bin\nio.dll
0x00007fff0bed0000 - 0x00007fff0bee0000 	D:\Android\Android Studio\jbr\bin\verify.dll
0x00007ffefbe80000 - 0x00007ffefbea7000 	C:\Users\Lenovo\.gradle\native\660c5614fbf4a5f2a75b1949f50a0caf5cd603558e7d8a26e50b933a0cfb79d1\windows-amd64\native-platform.dll
0x00007ffebd3b0000 - 0x00007ffebd427000 	C:\Users\Lenovo\.gradle\native\0.2.8\x86_64-windows-gnu\gradle-fileevents.dll
0x00007fff22060000 - 0x00007fff22069000 	D:\Android\Android Studio\jbr\bin\management.dll
0x00007fff0e160000 - 0x00007fff0e16b000 	D:\Android\Android Studio\jbr\bin\management_ext.dll
0x00007fff2c310000 - 0x00007fff2c318000 	C:\WINDOWS\System32\PSAPI.DLL
0x00007fff28000000 - 0x00007fff2802d000 	C:\WINDOWS\SYSTEM32\IPHLPAPI.DLL
0x00007fff2bdd0000 - 0x00007fff2bdd9000 	C:\WINDOWS\System32\NSI.dll
0x00007fff23640000 - 0x00007fff23649000 	D:\Android\Android Studio\jbr\bin\extnet.dll
0x00007fff28d50000 - 0x00007fff28d6b000 	C:\WINDOWS\SYSTEM32\CRYPTSP.dll
0x00007fff284f0000 - 0x00007fff28527000 	C:\WINDOWS\system32\rsaenh.dll
0x00007fff28aa0000 - 0x00007fff28ac8000 	C:\WINDOWS\SYSTEM32\USERENV.dll
0x00007fff28d30000 - 0x00007fff28d3c000 	C:\WINDOWS\SYSTEM32\CRYPTBASE.dll
0x00007fff18d50000 - 0x00007fff18d58000 	C:\WINDOWS\system32\wshunix.dll
0x00007ffefc6d0000 - 0x00007ffefc869000 	D:\Android\Android Studio\jbr\bin\awt.dll
0x00007fff26e00000 - 0x00007fff26e2e000 	C:\WINDOWS\SYSTEM32\dwmapi.dll
0x00007fff03480000 - 0x00007fff034fa000 	C:\WINDOWS\SYSTEM32\OLEACC.dll
0x00007fff0bd90000 - 0x00007fff0bdd4000 	D:\Android\Android Studio\jbr\bin\nvdaControllerClient64.dll
0x00007fff24ee0000 - 0x00007fff24f77000 	C:\WINDOWS\SYSTEM32\apphelp.dll
0x00007fff26b90000 - 0x00007fff26c44000 	C:\WINDOWS\system32\uxtheme.dll
0x00007fff2b020000 - 0x00007fff2b180000 	C:\WINDOWS\System32\MSCTF.dll
0x00007fff2a140000 - 0x00007fff2a2e0000 	C:\WINDOWS\System32\ole32.dll
0x00007fff286a0000 - 0x00007fff286d4000 	C:\WINDOWS\SYSTEM32\ntmarta.dll
0x00007fff0cdf0000 - 0x00007fff0ce07000 	C:\WINDOWS\system32\napinsp.dll
0x00007fff0cbb0000 - 0x00007fff0cbcb000 	C:\WINDOWS\system32\pnrpnsp.dll
0x00007fff28030000 - 0x00007fff28128000 	C:\WINDOWS\SYSTEM32\DNSAPI.dll
0x00007fff0c060000 - 0x00007fff0c071000 	C:\WINDOWS\System32\winrnr.dll
0x00007fff0cb90000 - 0x00007fff0cbaf000 	C:\WINDOWS\system32\wshbth.dll
0x00007fff0cb60000 - 0x00007fff0cb81000 	C:\WINDOWS\system32\nlansp_c.dll
0x00007fff20f70000 - 0x00007fff20f7a000 	C:\Windows\System32\rasadhlp.dll
0x00007fff22fa0000 - 0x00007fff23024000 	C:\WINDOWS\System32\fwpuclnt.dll
0x00007fff264f0000 - 0x00007fff264f7000 	D:\Android\Android Studio\jbr\bin\rmi.dll

JVMTI agents:
C:\Users\Lenovo\.gradle\wrapper\dists\gradle-9.4.1-bin\arn2x92ynaizyzdaamcbpbhtj\gradle-9.4.1\lib\agents\gradle-instrumentation-agent-9.4.1.jar path:D:\Android\Android Studio\jbr\bin\instrument.dll, loaded, initialized, instrumentlib options:none

dbghelp: loaded successfully - version: 4.0.5 - missing functions: none
symbol engine: initialized successfully - sym options: 0x614 - pdb path: .;D:\Android\Android Studio\jbr\bin;C:\WINDOWS\SYSTEM32;C:\WINDOWS\WinSxS\amd64_microsoft.windows.common-controls_6595b64144ccf1df_6.0.22621.5547_none_27104afb73855772;D:\Android\Android Studio\jbr\bin\server;C:\Users\Lenovo\.gradle\native\660c5614fbf4a5f2a75b1949f50a0caf5cd603558e7d8a26e50b933a0cfb79d1\windows-amd64;C:\Users\Lenovo\.gradle\native\0.2.8\x86_64-windows-gnu;C:\Users\Lenovo\AppData\Local\Temp

VM Arguments:
jvm_args: --add-opens=java.base/java.lang=ALL-UNNAMED --add-opens=java.base/java.lang.invoke=ALL-UNNAMED --add-opens=java.base/java.util=ALL-UNNAMED --add-opens=java.prefs/java.util.prefs=ALL-UNNAMED --add-exports=jdk.compiler/com.sun.tools.javac.api=ALL-UNNAMED --add-exports=jdk.compiler/com.sun.tools.javac.util=ALL-UNNAMED --add-opens=java.base/java.util=ALL-UNNAMED --add-opens=java.prefs/java.util.prefs=ALL-UNNAMED --add-opens=java.base/java.nio.charset=ALL-UNNAMED --add-opens=java.base/java.net=ALL-UNNAMED --add-opens=java.base/java.util.concurrent=ALL-UNNAMED --add-opens=java.base/java.util.concurrent.atomic=ALL-UNNAMED --add-opens=java.xml/javax.xml.namespace=ALL-UNNAMED --add-opens=java.base/java.time=ALL-UNNAMED -Xmx2048m -Dfile.encoding=UTF-8 -Duser.country=US -Duser.language=en -Duser.variant -javaagent:C:\Users\Lenovo\.gradle\wrapper\dists\gradle-9.4.1-bin\arn2x92ynaizyzdaamcbpbhtj\gradle-9.4.1\lib\agents\gradle-instrumentation-agent-9.4.1.jar 
java_command: org.gradle.launcher.daemon.bootstrap.GradleDaemon 9.4.1
java_class_path (initial): C:\Users\Lenovo\.gradle\wrapper\dists\gradle-9.4.1-bin\arn2x92ynaizyzdaamcbpbhtj\gradle-9.4.1\lib\gradle-daemon-main-9.4.1.jar
Launcher Type: SUN_STANDARD

[Global flags]
     intx CICompilerCount                          = 4                                         {product} {ergonomic}
     uint ConcGCThreads                            = 3                                         {product} {ergonomic}
     uint G1ConcRefinementThreads                  = 10                                        {product} {ergonomic}
   size_t G1HeapRegionSize                         = 1048576                                   {product} {ergonomic}
    uintx GCDrainStackTargetSize                   = 64                                        {product} {ergonomic}
   size_t InitialHeapSize                          = 232783872                                 {product} {ergonomic}
   size_t MarkStackSize                            = 4194304                                   {product} {ergonomic}
   size_t MaxHeapSize                              = 2147483648                                {product} {command line}
   size_t MaxNewSize                               = 1287651328                                {product} {ergonomic}
   size_t MinHeapDeltaBytes                        = 1048576                                   {product} {ergonomic}
   size_t MinHeapSize                              = 8388608                                   {product} {ergonomic}
    uintx NonNMethodCodeHeapSize                   = 5839372                                {pd product} {ergonomic}
    uintx NonProfiledCodeHeapSize                  = 122909434                              {pd product} {ergonomic}
    uintx ProfiledCodeHeapSize                     = 122909434                              {pd product} {ergonomic}
    uintx ReservedCodeCacheSize                    = 251658240                              {pd product} {ergonomic}
     bool SegmentedCodeCache                       = true                                      {product} {ergonomic}
   size_t SoftMaxHeapSize                          = 2147483648                             {manageable} {ergonomic}
     bool UseCompressedOops                        = true                           {product lp64_product} {ergonomic}
     bool UseG1GC                                  = true                                      {product} {ergonomic}
     bool UseLargePagesIndividualAllocation        = false                                  {pd product} {ergonomic}

Logging:
Log output configuration:
 #0: stdout all=warning uptime,level,tags foldmultilines=false
 #1: stderr all=off uptime,level,tags foldmultilines=false

Release file:
JAVA_VERSION="21.0.10" 
MODULES="java.base java.compiler java.datatransfer java.xml java.prefs java.desktop java.instrument java.logging java.management java.security.sasl java.naming java.rmi java.management.rmi java.net.http java.scripting java.security.jgss java.transaction.xa java.sql java.sql.rowset java.xml.crypto java.se java.smartcardio jdk.accessibility jdk.internal.jvmstat jdk.attach jdk.charsets jdk.internal.opt jdk.zipfs jdk.compiler jdk.crypto.ec jdk.crypto.cryptoki jdk.dynalink jdk.hotspot.agent jdk.httpserver jdk.internal.ed jdk.internal.le jdk.internal.vm.ci jdk.jartool jdk.javadoc jdk.jcmd jdk.jdeps jdk.jdwp.agent jdk.jdi jdk.jfr jdk.jlink jdk.jsobject jdk.localedata jdk.management jdk.management.agent jdk.management.jfr jdk.naming.dns jdk.naming.rmi jdk.net jdk.sctp jdk.security.auth jdk.security.jgss jdk.unsupported jdk.unsupported.desktop jdk.xml.dom" 
IMPLEMENTOR="JetBrains s.r.o." 
JAVA_RUNTIME_VERSION="21.0.10+-14961533-b1163.108" 
LIBC="default" 
OS_ARCH="x86_64" 
OS_NAME="Windows" 
SOURCE=".:git:1351622c2ff2" 

Environment Variables:
JAVA_HOME=C:\Program Files\Java\jre1.8.0_331\bin
PATH=C:\Program Files\Java\jre1.8.0_331\bin;C:\Program Files\Common Files\Oracle\Java\javapath;C:\Program Files (x86)\Common Files\Oracle\Java\javapath;C:\Program Files\Microsoft\jdk-11.0.16.101-hotspot\bin;C:\Program Files\Microsoft MPI\Bin\;C:\WINDOWS\system32;C:\WINDOWS;C:\WINDOWS\System32\Wbem;C:\WINDOWS\System32\WindowsPowerShell\v1.0\;C:\WINDOWS\System32\OpenSSH\;C:\MinGW\bin;C:\Program Files\dotnet\;D:\ngrok-v3-stable-windows-amd64 (1);C:\Program Files\Git\cmd;C:\Program Files (x86)\Microsoft SQL Server\160\DTS\Binn\;D:\nodejs\;C:\Program Files\MySQL\MySQL Shell 8.0\bin\;C:\Users\Lenovo\AppData\Local\Python\pythoncore-3.14-64;C:\Users\Lenovo\AppData\Local\Python\pythoncore-3.14-64\Scripts;C:\Users\Lenovo\AppData\Local\Microsoft\WindowsApps;C:\Users\Lenovo\.dotnet\tools;C:\Program Files\Java\jre1.8.0_331\bin\bin;D:\JavaMaven\apache-maven-3.9.11\bin;C:\Users\Lenovo\AppData\Roaming\npm;C:\Users\Lenovo\AppData\Local\Python\bin;D:\JetBrains\IntelliJ IDEA 2026.1.1\bin;D:\JetBrains\PyCharm 2026.1.1\bin
USERNAME=Lenovo
OS=Windows_NT
PROCESSOR_IDENTIFIER=AMD64 Family 23 Model 104 Stepping 1, AuthenticAMD
TMP=C:\Users\Lenovo\AppData\Local\Temp
TEMP=C:\Users\Lenovo\AppData\Local\Temp




Periodic native trim disabled

JNI global refs:
JNI global refs: 57, weak refs: 394

JNI global refs memory usage: 835, weak refs: 5321

Process memory usage:
Resident Set Size: 941000K (6% of 14521848K total physical memory with 555740K free physical memory)

OOME stack traces (most recent first):
Classloader memory used:
Loader java.net.URLClassLoader                                                         : 55947K
Loader org.gradle.internal.classloader.VisitableURLClassLoader$InstrumentingVisitableURLClassLoader: 50872K
Loader org.gradle.internal.classloader.VisitableURLClassLoader                         : 42801K
Loader bootstrap                                                                       : 32457K
Loader org.gradle.initialization.MixInLegacyTypesClassLoader                           : 9911K
Loader jdk.internal.reflect.DelegatingClassLoader                                      : 1688K
Loader jdk.internal.jrtfs.JrtFileSystemProvider$JrtFsLoader                            : 303K
Loader jdk.internal.loader.ClassLoaders$PlatformClassLoader                            : 286K
Loader jdk.internal.loader.ClassLoaders$AppClassLoader                                 : 192K
Loader sun.reflect.misc.MethodUtil                                                     : 3000B

Classes loaded by more than one classloader:
Class kotlin.io.TextStreamsKt                                                         : loaded 2 times (x 71B)
Class kotlin.sequences.FlatteningSequence                                             : loaded 2 times (x 75B)
Class kotlin.sequences.DropTakeSequence                                               : loaded 2 times (x 70B)
Class kotlin.coroutines.jvm.internal.CompletedContinuation                            : loaded 2 times (x 75B)
Class kotlin.text.StringsKt__StringsKt                                                : loaded 2 times (x 71B)
Class kotlin.NotImplementedError                                                      : loaded 2 times (x 82B)
Class com.google.common.collect.RegularImmutableMap$KeySet                            : loaded 2 times (x 152B)
Class com.google.common.base.PairwiseEquivalence                                      : loaded 2 times (x 83B)
Class com.google.common.base.Equivalence$Identity                                     : loaded 2 times (x 82B)
Class org.gradle.internal.classloader.FilteringClassLoader                            : loaded 2 times (x 105B)
Class jdk.internal.jimage.BasicImageReader                                            : loaded 2 times (x 95B)
Class kotlin.io.FilesKt__FileTreeWalkKt                                               : loaded 2 times (x 71B)
Class kotlin.jvm.internal.CollectionToArray                                           : loaded 2 times (x 71B)
Class kotlin.sequences.FilteringSequence$iterator$1                                   : loaded 2 times (x 79B)
Class kotlin.sequences.SequencesKt__SequenceBuilderKt                                 : loaded 2 times (x 71B)
Class kotlin.collections.CollectionsKt__ReversedViewsKt                               : loaded 2 times (x 71B)
Class com.google.common.io.FileWriteMode                                              : loaded 2 times (x 79B)
Class [Lcom.google.common.base.AbstractIterator$State;                                : loaded 2 times (x 69B)
Class com.google.common.base.CharMatcher$IsEither                                     : loaded 2 times (x 111B)
Class org.gradle.internal.classloader.ClassLoaderHierarchy                            : loaded 2 times (x 70B)
Class kotlin.jvm.internal.MutablePropertyReference1                                   : loaded 2 times (x 137B)
Class kotlin.SafePublicationLazyImpl$Companion                                        : loaded 2 times (x 71B)
Class kotlin.jvm.internal.PropertyReference1Impl                                      : loaded 2 times (x 127B)
Class com.google.common.collect.ImmutableList$1                                       : loaded 2 times (x 97B)
Class com.google.common.collect.ImmutableEnumSet                                      : loaded 2 times (x 146B)
Class com.google.common.util.concurrent.ExecutionError                                : loaded 2 times (x 82B)
Class com.google.common.collect.AbstractMapBasedMultimap$WrappedCollection            : loaded 2 times (x 124B)
Class kotlin.collections.builders.MapBuilder                                          : loaded 2 times (x 112B)
Class kotlin.ranges.IntProgression$Companion                                          : loaded 2 times (x 71B)
Class com.google.common.collect.RegularImmutableMap                                   : loaded 2 times (x 121B)
Class com.google.common.collect.ImmutableMap$MapViewOfValuesAsSingletonSets           : loaded 2 times (x 126B)
Class kotlin.sequences.TransformingSequence                                           : loaded 2 times (x 75B)
Class com.google.common.reflect.TypeCapture                                           : loaded 2 times (x 71B)
Class com.google.common.collect.TransformedListIterator                               : loaded 2 times (x 93B)
Class com.google.common.collect.UnmodifiableListIterator                              : loaded 2 times (x 95B)
Class kotlin.io.LinesSequence                                                         : loaded 2 times (x 75B)
Class [Lkotlin.reflect.KClass;                                                        : loaded 2 times (x 69B)
Class com.google.common.base.Platform$JdkPatternCompiler                              : loaded 2 times (x 75B)
Class [Lcom.google.common.cache.CacheBuilder$OneWeigher;                              : loaded 2 times (x 69B)
Class com.google.common.base.Suppliers                                                : loaded 2 times (x 71B)
Class org.gradle.internal.classloader.DefaultClassLoaderFactory                       : loaded 2 times (x 82B)
Class kotlin.sequences.SequencesKt___SequencesKt$flatMap$1                            : loaded 2 times (x 125B)
Class kotlin.KotlinVersion$Companion                                                  : loaded 2 times (x 71B)
Class kotlin.sequences.SequencesKt___SequencesKt                                      : loaded 2 times (x 71B)
Class kotlin.collections.AbstractList$Companion                                       : loaded 2 times (x 71B)
Class [Lcom.google.common.collect.AbstractIterator$State;                             : loaded 2 times (x 69B)
Class com.google.common.base.CharMatcher$None                                         : loaded 2 times (x 112B)
Class kotlin.sequences.SequencesKt___SequencesKt$flatMap$2                            : loaded 2 times (x 125B)
Class kotlin.io.FileTreeWalk$FileTreeWalkIterator                                     : loaded 2 times (x 83B)
Class [Lcom.google.common.collect.ImmutableMapEntry;                                  : loaded 2 times (x 69B)
Class kotlin.coroutines.ContinuationInterceptor                                       : loaded 2 times (x 70B)
Class kotlin.text.StringsKt__AppendableKt                                             : loaded 2 times (x 71B)
Class com.google.common.collect.ImmutableEnumMap                                      : loaded 2 times (x 126B)
Class com.google.common.collect.ListMultimap                                          : loaded 2 times (x 70B)
Class kotlin.jvm.internal.ArrayIteratorKt                                             : loaded 2 times (x 71B)
Class kotlin.jvm.internal.AdaptedFunctionReference                                    : loaded 2 times (x 77B)
Class kotlin.reflect.KProperty$Accessor                                               : loaded 2 times (x 70B)
Class [Lkotlin.reflect.KCallable;                                                     : loaded 2 times (x 69B)
Class com.google.common.collect.Sets$1                                                : loaded 2 times (x 139B)
Class com.google.common.base.Splitter                                                 : loaded 2 times (x 72B)
Class com.google.common.collect.ImmutableSet$SerializedForm                           : loaded 2 times (x 73B)
Class org.gradle.api.internal.DefaultClassPathProvider                                : loaded 2 times (x 76B)
Class kotlin.collections.builders.MapBuilder$EntryRef                                 : loaded 2 times (x 81B)
Class kotlin.sequences.SequenceScope                                                  : loaded 2 times (x 73B)
Class kotlin.text.StringsKt__StringNumberConversionsJVMKt                             : loaded 2 times (x 71B)
Class kotlin.sequences.Sequence                                                       : loaded 2 times (x 70B)
Class [Lcom.google.common.base.Function;                                              : loaded 2 times (x 69B)
Class com.google.common.collect.Maps$ViewCachingAbstractMap                           : loaded 2 times (x 125B)
Class com.google.common.collect.Sets$2                                                : loaded 2 times (x 139B)
Class [Lorg.gradle.api.internal.ClassPathProvider;                                    : loaded 2 times (x 69B)
Class org.gradle.api.internal.ClassPathProvider                                       : loaded 2 times (x 70B)
Class kotlin.jvm.functions.Function20                                                 : loaded 2 times (x 70B)
Class kotlin.collections.CollectionsKt___CollectionsKt$asSequence$$inlined$Sequence$1 : loaded 2 times (x 75B)
Class com.google.common.reflect.Types$ClassOwnership$1                                : loaded 2 times (x 80B)
Class com.google.common.collect.Sets$3                                                : loaded 2 times (x 139B)
Class com.google.common.base.AbstractIterator$State                                   : loaded 2 times (x 79B)
Class com.google.common.cache.LocalCache$LocalLoadingCache                            : loaded 2 times (x 134B)
Class org.gradle.internal.service.UnknownServiceException                             : loaded 2 times (x 83B)
Class kotlin.jvm.functions.Function21                                                 : loaded 2 times (x 70B)
Class com.google.common.reflect.Types$ClassOwnership$2                                : loaded 2 times (x 80B)
Class com.google.common.reflect.TypeResolver                                          : loaded 2 times (x 72B)
Class com.google.common.collect.Sets$4                                                : loaded 2 times (x 139B)
Class com.google.common.cache.LocalCache$Strength$1                                   : loaded 2 times (x 81B)
Class kotlin.annotation.AnnotationRetention                                           : loaded 2 times (x 79B)
Class kotlin.collections.builders.MapBuilderEntries                                   : loaded 2 times (x 145B)
Class kotlin.jvm.functions.Function22                                                 : loaded 2 times (x 70B)
Class kotlin.collections.MapWithDefault                                               : loaded 2 times (x 70B)
Class kotlin.coroutines.jvm.internal.SuspendLambda                                    : loaded 2 times (x 91B)
Class kotlin.coroutines.jvm.internal.ContinuationImpl                                 : loaded 2 times (x 87B)
Class com.google.common.reflect.Types$ClassOwnership$3                                : loaded 2 times (x 71B)
Class com.google.common.collect.Collections2$FilteredCollection                       : loaded 2 times (x 119B)
Class com.google.common.util.concurrent.SettableFuture                                : loaded 2 times (x 114B)
Class com.google.common.cache.LocalCache$Strength$2                                   : loaded 2 times (x 81B)
Class kotlin.reflect.KTypeParameter                                                   : loaded 2 times (x 70B)
Class kotlin.text.StringsKt__RegexExtensionsJVMKt                                     : loaded 2 times (x 71B)
Class kotlin.collections.ArraysKt___ArraysJvmKt                                       : loaded 2 times (x 71B)
Class kotlin.collections.CollectionsKt__CollectionsKt                                 : loaded 2 times (x 71B)
Class [Lcom.google.common.collect.Maps$EntryFunction;                                 : loaded 2 times (x 69B)
Class com.google.common.collect.TransformedIterator                                   : loaded 2 times (x 80B)
Class com.google.common.base.Splitter$1                                               : loaded 2 times (x 77B)
Class com.google.common.cache.LocalCache$Strength$3                                   : loaded 2 times (x 81B)
Class com.google.common.collect.MapDifference                                         : loaded 2 times (x 70B)
Class kotlin.text.Regex$Companion                                                     : loaded 2 times (x 71B)
Class kotlin._Assertions                                                              : loaded 2 times (x 71B)
Class com.google.common.reflect.Invokable                                             : loaded 2 times (x 103B)
Class com.google.common.cache.CacheBuilder$NullListener                               : loaded 2 times (x 82B)
Class org.gradle.internal.classpath.TransformedClassPath                              : loaded 2 times (x 96B)
Class org.gradle.internal.classloader.InstrumentingClassLoader                        : loaded 2 times (x 70B)
Class [Lkotlin.annotation.AnnotationTarget;                                           : loaded 2 times (x 69B)
Class [Lkotlin.coroutines.intrinsics.CoroutineSingletons;                             : loaded 2 times (x 69B)
Class kotlin.jvm.internal.FunctionReference                                           : loaded 2 times (x 122B)
Class kotlin.jvm.internal.FunctionBase                                                : loaded 2 times (x 70B)
Class kotlin.enums.EnumEntriesList                                                    : loaded 2 times (x 223B)
Class com.google.common.reflect.Types$ParameterizedTypeImpl                           : loaded 2 times (x 81B)
Class com.google.common.collect.Maps$IteratorBasedAbstractMap$1                       : loaded 2 times (x 138B)
Class com.google.common.collect.Iterators$ArrayItr                                    : loaded 2 times (x 97B)
Class com.google.common.cache.CacheLoader$FunctionToCacheLoader                       : loaded 2 times (x 75B)
Class com.google.common.collect.ImmutableCollection$Builder                           : loaded 2 times (x 76B)
Class kotlin.comparisons.ComparisonsKt___ComparisonsJvmKt                             : loaded 2 times (x 71B)
Class kotlin.collections.builders.AbstractMapBuilderEntrySet                          : loaded 2 times (x 144B)
Class kotlin.collections.CollectionsKt__IteratorsJVMKt                                : loaded 2 times (x 71B)
Class com.google.common.reflect.TypeResolver$TypeVariableKey                          : loaded 2 times (x 72B)
Class com.google.common.base.Joiner                                                   : loaded 2 times (x 79B)
Class com.google.common.base.MoreObjects                                              : loaded 2 times (x 71B)
Class kotlin.reflect.KProperty0                                                       : loaded 2 times (x 70B)
Class kotlin.Result                                                                   : loaded 2 times (x 72B)
Class com.google.common.collect.Platform                                              : loaded 2 times (x 71B)
Class com.google.common.collect.UnmodifiableIterator                                  : loaded 2 times (x 80B)
Class org.gradle.internal.service.ServiceLocator                                      : loaded 2 times (x 70B)
Class jdk.internal.jrtfs.JrtFileSystemProvider                                        : loaded 2 times (x 101B)
Class kotlin.reflect.KClass                                                           : loaded 2 times (x 70B)
Class kotlin.sequences.TransformingSequence$iterator$1                                : loaded 2 times (x 79B)
Class kotlin.Pair                                                                     : loaded 2 times (x 72B)
Class kotlin.reflect.KProperty1                                                       : loaded 2 times (x 70B)
Class com.google.common.collect.SingletonImmutableBiMap                               : loaded 2 times (x 143B)
Class com.google.common.collect.Iterators$SingletonIterator                           : loaded 2 times (x 81B)
Class com.google.common.cache.LocalCache$1                                            : loaded 2 times (x 89B)
Class com.google.common.collect.AbstractMapEntry                                      : loaded 2 times (x 81B)
Class kotlin.reflect.KProperty2                                                       : loaded 2 times (x 70B)
Class kotlin.sequences.GeneratorSequence$iterator$1                                   : loaded 2 times (x 79B)
Class kotlin.collections.CollectionsKt__MutableCollectionsKt                          : loaded 2 times (x 71B)
Class kotlin.io.CloseableKt                                                           : loaded 2 times (x 71B)
Class com.google.common.reflect.TypeToken$SimpleTypeToken                             : loaded 2 times (x 73B)
Class com.google.common.collect.ImmutableList$Builder                                 : loaded 2 times (x 77B)
Class com.google.common.collect.Sets$ImprovedAbstractSet                              : loaded 2 times (x 135B)
Class com.google.common.cache.LocalCache$2                                            : loaded 2 times (x 142B)
Class com.google.common.collect.AbstractMultimap                                      : loaded 2 times (x 123B)
Class kotlin.io.TerminateException                                                    : loaded 2 times (x 82B)
Class kotlin.io.FilesKt__FilePathComponentsKt                                         : loaded 2 times (x 71B)
Class kotlin.coroutines.CoroutineContext$Element                                      : loaded 2 times (x 70B)
Class kotlin.reflect.KCallable                                                        : loaded 2 times (x 70B)
Class com.google.common.collect.RegularImmutableAsList                                : loaded 2 times (x 217B)
Class kotlin.io.LinesSequence$iterator$1                                              : loaded 2 times (x 79B)
Class kotlin.collections.AbstractIterator                                             : loaded 2 times (x 83B)
Class kotlin.text.CharsKt                                                             : loaded 2 times (x 71B)
Class com.google.common.base.Optional                                                 : loaded 2 times (x 80B)
Class com.google.common.collect.Iterators                                             : loaded 2 times (x 71B)
Class com.google.common.util.concurrent.AbstractFuture$Trusted                        : loaded 2 times (x 70B)
Class jdk.internal.jimage.ImageLocation                                               : loaded 2 times (x 90B)
Class kotlin.coroutines.ContinuationInterceptor$Key                                   : loaded 2 times (x 71B)
Class com.google.common.io.ByteSink$AsCharSink                                        : loaded 2 times (x 80B)
Class com.google.common.collect.Lists$StringAsImmutableList                           : loaded 2 times (x 207B)
Class com.google.common.util.concurrent.UncheckedExecutionException                   : loaded 2 times (x 82B)
Class kotlin.collections.builders.MapBuilder$EntriesItr                               : loaded 2 times (x 81B)
Class kotlin.io.FileTreeWalk$FileTreeWalkIterator$WhenMappings                        : loaded 2 times (x 71B)
Class jdk.internal.jimage.ImageBufferCache$1                                          : loaded 2 times (x 83B)
Class kotlin.DeprecationLevel                                                         : loaded 2 times (x 79B)
Class kotlin.collections.ArraysKt___ArraysKt$asSequence$$inlined$Sequence$1           : loaded 2 times (x 75B)
Class kotlin.collections.MapsKt__MapsJVMKt                                            : loaded 2 times (x 71B)
Class kotlin.collections.EmptyList                                                    : loaded 2 times (x 174B)
Class com.google.common.collect.AbstractMapBasedMultimap$KeySet$1                     : loaded 2 times (x 82B)
Class com.google.common.base.CharMatcher$And                                          : loaded 2 times (x 112B)
Class com.google.common.cache.CacheLoader$UnsupportedLoadingOperationException        : loaded 2 times (x 82B)
Class jdk.internal.jimage.ImageBufferCache$2                                          : loaded 2 times (x 91B)
Class kotlin.collections.builders.ListBuilderKt                                       : loaded 2 times (x 71B)
Class kotlin.coroutines.ContinuationKt                                                : loaded 2 times (x 71B)
Class com.google.common.collect.FluentIterable$1                                      : loaded 2 times (x 81B)
Class com.google.common.base.Objects                                                  : loaded 2 times (x 71B)
Class com.google.common.collect.IndexedImmutableSet                                   : loaded 2 times (x 152B)
Class com.google.common.collect.ImmutableMap$1                                        : loaded 2 times (x 81B)
Class com.google.common.collect.BiMap                                                 : loaded 2 times (x 70B)
Class org.gradle.api.internal.classpath.DefaultModuleRegistry$DefaultModule           : loaded 2 times (x 82B)
Class kotlin.ResultKt                                                                 : loaded 2 times (x 71B)
Class com.google.common.reflect.Reflection                                            : loaded 2 times (x 71B)
Class com.google.common.collect.FluentIterable$2                                      : loaded 2 times (x 81B)
Class com.google.common.base.Absent                                                   : loaded 2 times (x 80B)
Class com.google.common.primitives.Ints                                               : loaded 2 times (x 71B)
Class com.google.common.collect.AbstractIterator                                      : loaded 2 times (x 82B)
Class kotlin.collections.IndexingIterable                                             : loaded 2 times (x 79B)
Class kotlin.Result$Failure                                                           : loaded 2 times (x 72B)
Class kotlin.collections.ArraysKt__ArraysKt                                           : loaded 2 times (x 71B)
Class com.google.common.collect.FluentIterable$3                                      : loaded 2 times (x 81B)
Class com.google.common.math.MathPreconditions                                        : loaded 2 times (x 71B)
Class com.google.common.collect.ObjectArrays                                          : loaded 2 times (x 71B)
Class com.google.common.collect.AbstractIndexedListIterator                           : loaded 2 times (x 96B)
Class com.google.common.collect.ArrayListMultimapGwtSerializationDependencies         : loaded 2 times (x 172B)
Class com.google.common.collect.Multiset                                              : loaded 2 times (x 70B)
Class kotlin.collections.SetsKt__SetsJVMKt                                            : loaded 2 times (x 71B)
Class kotlin.Function                                                                 : loaded 2 times (x 70B)
Class com.google.common.collect.ImmutableMapEntrySet                                  : loaded 2 times (x 152B)
Class org.gradle.api.internal.classpath.Module                                        : loaded 2 times (x 70B)
Class kotlin.KotlinVersion                                                            : loaded 2 times (x 74B)
Class kotlin.reflect.KMutableProperty                                                 : loaded 2 times (x 70B)
Class kotlin.io.FileAlreadyExistsException                                            : loaded 2 times (x 82B)
Class kotlin.internal.ProgressionUtilKt                                               : loaded 2 times (x 71B)
Class com.google.common.cache.Weigher                                                 : loaded 2 times (x 70B)
Class org.gradle.api.internal.classpath.UnknownModuleException                        : loaded 2 times (x 82B)
Class jdk.internal.jimage.ImageHeader                                                 : loaded 2 times (x 71B)
Class kotlin.sequences.DistinctIterator                                               : loaded 2 times (x 83B)
Class kotlin.jvm.internal.PropertyReference                                           : loaded 2 times (x 115B)
Class com.google.common.base.Stopwatch                                                : loaded 2 times (x 72B)
Class com.google.common.cache.LocalCache$Strength                                     : loaded 2 times (x 81B)
Class com.google.common.cache.Cache                                                   : loaded 2 times (x 70B)
Class kotlin.collections.IndexingIterator                                             : loaded 2 times (x 79B)
Class com.google.common.collect.ImmutableMap$Builder                                  : loaded 2 times (x 82B)
Class com.google.common.base.NullnessCasts                                            : loaded 2 times (x 71B)
Class com.google.common.util.concurrent.AbstractFuture$Cancellation                   : loaded 2 times (x 72B)
Class [Lkotlin.reflect.KAnnotatedElement;                                             : loaded 2 times (x 69B)
Class com.google.common.collect.Maps$EntryFunction$1                                  : loaded 2 times (x 91B)
Class com.google.common.base.Present                                                  : loaded 2 times (x 81B)
Class com.google.common.collect.AbstractMapBasedMultimap$WrappedCollection$WrappedIterator: loaded 2 times (x 84B)
Class com.google.common.cache.RemovalListener                                         : loaded 2 times (x 70B)
Class org.gradle.api.internal.DefaultClassPathRegistry                                : loaded 2 times (x 76B)
Class kotlin.annotation.AnnotationTarget                                              : loaded 2 times (x 79B)
Class kotlin.jvm.JvmClassMappingKt                                                    : loaded 2 times (x 71B)
Class kotlin.jvm.internal.Reflection                                                  : loaded 2 times (x 71B)
Class kotlin.ranges.ClosedRange                                                       : loaded 2 times (x 70B)
Class kotlin.reflect.KProperty                                                        : loaded 2 times (x 70B)
Class com.google.common.reflect.Invokable$ConstructorInvokable                        : loaded 2 times (x 107B)
Class com.google.common.collect.Maps$EntryFunction$2                                  : loaded 2 times (x 91B)
Class com.google.common.primitives.IntsMethodsForWeb                                  : loaded 2 times (x 71B)
Class com.google.common.collect.Multimap                                              : loaded 2 times (x 70B)
Class org.gradle.internal.classpath.DefaultClassPath$ImmutableUniqueList              : loaded 2 times (x 199B)
Class org.gradle.api.internal.ClassPathRegistry                                       : loaded 2 times (x 70B)
Class kotlin.collections.IntIterator                                                  : loaded 2 times (x 82B)
Class kotlin.jvm.internal.TypeIntrinsics                                              : loaded 2 times (x 71B)
Class kotlin.text.StringsKt__StringsJVMKt                                             : loaded 2 times (x 71B)
Class com.google.common.reflect.TypeToken                                             : loaded 2 times (x 73B)
Class com.google.common.base.ExtraObjectsMethodsForWeb                                : loaded 2 times (x 71B)
Class kotlin.text.StringsKt__IndentKt                                                 : loaded 2 times (x 71B)
Class kotlin.collections.SetsKt                                                       : loaded 2 times (x 71B)
Class com.google.common.io.ByteSink                                                   : loaded 2 times (x 76B)
Class com.google.common.collect.SingletonImmutableList                                : loaded 2 times (x 207B)
Class com.google.common.cache.CacheBuilder                                            : loaded 2 times (x 72B)
Class org.gradle.internal.classpath.ClassPath                                         : loaded 2 times (x 70B)
Class kotlin.collections.ArrayDeque                                                   : loaded 2 times (x 207B)
Class kotlin.reflect.KFunction                                                        : loaded 2 times (x 70B)
Class [Lcom.google.common.reflect.Types$JavaVersion;                                  : loaded 2 times (x 69B)
Class com.google.common.io.Files$FileByteSource                                       : loaded 2 times (x 85B)
Class com.google.common.collect.ImmutableList$ReverseImmutableList                    : loaded 2 times (x 209B)
Class com.google.common.base.JdkPattern                                               : loaded 2 times (x 75B)
Class kotlin.jvm.internal.Lambda                                                      : loaded 2 times (x 75B)
Class [Lkotlin.reflect.KDeclarationContainer;                                         : loaded 2 times (x 69B)
Class kotlin.collections.MapsKt__MapsKt                                               : loaded 2 times (x 71B)
Class org.gradle.api.internal.classpath.DefaultModuleRegistry$DefaultModuleAlias      : loaded 2 times (x 80B)
Class jdk.internal.jimage.ImageStringsReader                                          : loaded 2 times (x 80B)
Class kotlin.jvm.internal.markers.KMutableMap$Entry                                   : loaded 2 times (x 70B)
Class com.google.common.collect.Iterators$1                                           : loaded 2 times (x 81B)
Class com.google.common.base.Suppliers$SupplierOfInstance                             : loaded 2 times (x 79B)
Class kotlin.properties.Delegates                                                     : loaded 2 times (x 71B)
Class kotlin.Metadata                                                                 : loaded 2 times (x 70B)
Class kotlin.collections.AbstractMutableSet                                           : loaded 2 times (x 142B)
Class com.google.devtools.ksp.processing.KSPJvmConfig                                 : loaded 2 times (x 72B)
Class kotlin.UninitializedPropertyAccessException                                     : loaded 2 times (x 82B)
Class com.google.common.reflect.TypeToken$1                                           : loaded 2 times (x 110B)
Class com.google.common.cache.LocalCache$ComputingValueReference                      : loaded 2 times (x 96B)
Class com.google.common.collect.ImmutableMap$IteratorBasedImmutableMap                : loaded 2 times (x 126B)
Class com.google.common.collect.SingletonImmutableSet                                 : loaded 2 times (x 146B)
Class jdk.internal.jimage.ImageReader                                                 : loaded 2 times (x 75B)
Class kotlin.reflect.KProperty$Getter                                                 : loaded 2 times (x 70B)
Class com.google.common.reflect.TypeToken$2                                           : loaded 2 times (x 110B)
Class com.google.common.cache.LocalCache$Segment                                      : loaded 2 times (x 154B)
Class jdk.internal.jimage.ImageReader$SharedImageReader                               : loaded 2 times (x 95B)
Class kotlin.SafePublicationLazyImpl                                                  : loaded 2 times (x 76B)
Class com.google.common.collect.ImmutableBiMap                                        : loaded 2 times (x 143B)
Class com.google.common.collect.Iterators$4                                           : loaded 2 times (x 82B)
Class com.google.common.cache.CacheLoader                                             : loaded 2 times (x 74B)
Class com.google.common.collect.AbstractListMultimap                                  : loaded 2 times (x 172B)
Class org.gradle.api.internal.classpath.ModuleRegistry                                : loaded 2 times (x 70B)
Class org.gradle.internal.installation.GradleInstallation$1                           : loaded 2 times (x 75B)
Class com.google.devtools.ksp.processing.KSPLogger                                    : loaded 2 times (x 70B)
Class com.google.common.collect.ImmutableSet$JdkBackedSetBuilderImpl                  : loaded 2 times (x 76B)
Class com.google.common.base.Splitter$SplittingIterator                               : loaded 2 times (x 84B)
Class com.google.common.collect.Iterators$5                                           : loaded 2 times (x 82B)
Class com.google.common.util.concurrent.internal.InternalFutureFailureAccess          : loaded 2 times (x 72B)
Class kotlin.coroutines.intrinsics.IntrinsicsKt__IntrinsicsKt                         : loaded 2 times (x 71B)
Class com.google.common.collect.Iterators$6                                           : loaded 2 times (x 81B)
Class com.google.common.base.CharMatcher$ForPredicate                                 : loaded 2 times (x 112B)
Class com.google.common.cache.LocalCache$LocalManualCache$1                           : loaded 2 times (x 75B)
Class jdk.internal.jimage.ImageReader$Node                                            : loaded 2 times (x 84B)
Class kotlin.io.FilesKt__UtilsKt                                                      : loaded 2 times (x 71B)
Class kotlin.collections.CollectionsKt__CollectionsJVMKt                              : loaded 2 times (x 71B)
Class com.google.common.base.CharMatcher$AnyOf                                        : loaded 2 times (x 112B)
Class com.google.common.collect.ImmutableCollection                                   : loaded 2 times (x 125B)
Class org.gradle.api.internal.classpath.DefaultModuleRegistry                         : loaded 2 times (x 84B)
Class jdk.internal.jimage.BasicImageReader$1                                          : loaded 2 times (x 77B)
Class kotlin.collections.IndexedValue                                                 : loaded 2 times (x 72B)
Class kotlin.KotlinVersionCurrentValue                                                : loaded 2 times (x 71B)
Class kotlin.collections.builders.MapBuilder$Itr                                      : loaded 2 times (x 72B)
Class kotlin.sequences.SequencesKt                                                    : loaded 2 times (x 71B)
Class kotlin.collections.CollectionsKt__IteratorsKt                                   : loaded 2 times (x 71B)
Class com.google.common.collect.Lists                                                 : loaded 2 times (x 71B)
Class com.google.common.util.concurrent.ListenableFuture                              : loaded 2 times (x 70B)
Class com.google.common.cache.ReferenceEntry                                          : loaded 2 times (x 70B)
Class com.google.common.base.Converter                                                : loaded 2 times (x 90B)
Class com.google.common.collect.ImmutableSet$CachingAsList                            : loaded 2 times (x 148B)
Class kotlin.jvm.internal.markers.KMutableSet                                         : loaded 2 times (x 70B)
Class kotlin.text.StringsKt                                                           : loaded 2 times (x 71B)
Class com.google.common.collect.Iterators$9                                           : loaded 2 times (x 81B)
Class com.google.common.util.concurrent.AbstractFuture                                : loaded 2 times (x 106B)
Class com.google.common.base.FunctionalEquivalence                                    : loaded 2 times (x 83B)
Class com.google.common.collect.AbstractMapBasedMultimap                              : loaded 2 times (x 139B)
Class com.google.common.collect.ImmutableAsList                                       : loaded 2 times (x 209B)
Class kotlin.coroutines.jvm.internal.RestrictedContinuationImpl                       : loaded 2 times (x 87B)
Class kotlin.coroutines.CoroutineContext$Key                                          : loaded 2 times (x 70B)
Class kotlin.LazyKt__LazyJVMKt                                                        : loaded 2 times (x 71B)
Class com.google.common.reflect.TypeResolver$TypeTable                                : loaded 2 times (x 73B)
Class com.google.common.cache.CacheLoader$SupplierToCacheLoader                       : loaded 2 times (x 75B)
Class jdk.internal.jimage.decompressor.Decompressor                                   : loaded 2 times (x 72B)
Class kotlin.jvm.internal.markers.KMutableList                                        : loaded 2 times (x 70B)
Class kotlin.io.FilesKt__FileReadWriteKt                                              : loaded 2 times (x 71B)
Class [Lkotlin.Pair;                                                                  : loaded 2 times (x 69B)
Class kotlin.text.StringsKt__StringNumberConversionsKt                                : loaded 2 times (x 71B)
Class com.google.common.reflect.TypeResolver$TypeTable$1                              : loaded 2 times (x 73B)
Class com.google.common.collect.Maps$EntryTransformer                                 : loaded 2 times (x 70B)
Class org.gradle.internal.service.ServiceLookupException                              : loaded 2 times (x 82B)
Class [Lkotlin.sequences.Sequence;                                                    : loaded 2 times (x 69B)
Class kotlin.jvm.internal.MutablePropertyReference1Impl                               : loaded 2 times (x 137B)
Class [Lcom.google.common.cache.LocalCache$EntryFactory;                              : loaded 2 times (x 69B)
Class org.gradle.internal.classloader.ClassLoaderFactory                              : loaded 2 times (x 70B)
Class com.google.common.base.CharMatcher$IsNot                                        : loaded 2 times (x 111B)
Class com.google.common.base.CommonPattern                                            : loaded 2 times (x 74B)
Class com.google.common.cache.LocalCache$LocalManualCache                             : loaded 2 times (x 99B)
Class org.gradle.internal.service.CachingServiceLocator                               : loaded 2 times (x 82B)
Class kotlin.collections.AbstractList$IteratorImpl                                    : loaded 2 times (x 82B)
Class kotlin.jvm.internal.CallableReference                                           : loaded 2 times (x 106B)
Class com.google.common.math.IntMath                                                  : loaded 2 times (x 71B)
Class com.google.common.collect.AbstractMapBasedMultimap$KeySet                       : loaded 2 times (x 137B)
Class kotlin.jvm.internal.markers.KMutableMap                                         : loaded 2 times (x 70B)
Class kotlin.ranges.IntRange                                                          : loaded 2 times (x 93B)
Class kotlin.properties.ReadOnlyProperty                                              : loaded 2 times (x 70B)
Class com.google.common.reflect.Types$TypeVariableInvocationHandler                   : loaded 2 times (x 75B)
Class com.google.common.collect.ImmutableMapEntry                                     : loaded 2 times (x 85B)
Class kotlin.enums.EnumEntries                                                        : loaded 2 times (x 70B)
Class com.google.common.base.Predicates                                               : loaded 2 times (x 71B)
Class com.google.common.collect.ImmutableMapEntry$NonTerminalImmutableMapEntry        : loaded 2 times (x 85B)
Class com.google.common.base.Equivalence                                              : loaded 2 times (x 82B)
Class com.google.common.base.Function                                                 : loaded 2 times (x 70B)
Class com.google.common.collect.RegularImmutableList                                  : loaded 2 times (x 213B)
Class com.google.common.cache.CacheBuilder$OneWeigher                                 : loaded 2 times (x 82B)
Class jdk.internal.jimage.ImageBufferCache                                            : loaded 2 times (x 71B)
Class jdk.internal.jrtfs.JrtPath                                                      : loaded 2 times (x 118B)
Class com.google.common.reflect.Types$ClassOwnership$1LocalClass                      : loaded 2 times (x 71B)
Class com.google.common.collect.Maps$EntryFunction                                    : loaded 2 times (x 91B)
Class org.gradle.internal.classloader.ClasspathUtil                                   : loaded 2 times (x 71B)
Class kotlin.sequences.EmptySequence                                                  : loaded 2 times (x 78B)
Class kotlin.io.FileSystemException                                                   : loaded 2 times (x 82B)
Class com.google.common.util.concurrent.Uninterruptibles                              : loaded 2 times (x 71B)
Class kotlin.jvm.internal.DefaultConstructorMarker                                    : loaded 2 times (x 71B)
Class kotlin.sequences.DistinctSequence                                               : loaded 2 times (x 75B)
Class kotlin.jvm.internal.PropertyReference1                                          : loaded 2 times (x 127B)
Class com.google.common.util.concurrent.LazyLogger                                    : loaded 2 times (x 72B)
Class com.google.common.collect.Maps                                                  : loaded 2 times (x 71B)
Class org.gradle.api.specs.Spec                                                       : loaded 2 times (x 70B)
Class kotlin.jvm.internal.MutablePropertyReference                                    : loaded 2 times (x 119B)
Class kotlin.UnsafeLazyImpl                                                           : loaded 2 times (x 76B)
Class kotlin.LazyKt__LazyJVMKt$WhenMappings                                           : loaded 2 times (x 71B)
Class com.google.common.reflect.Types$JavaVersion                                     : loaded 2 times (x 83B)
Class [Lcom.google.common.collect.ImmutableEntry;                                     : loaded 2 times (x 69B)
Class kotlin.jvm.internal.ArrayIterator                                               : loaded 2 times (x 79B)
Class kotlin.LazyThreadSafetyMode                                                     : loaded 2 times (x 79B)
Class com.google.common.collect.Sets$3$1                                              : loaded 2 times (x 82B)
Class com.google.common.cache.LocalCache$LoadingValueReference                        : loaded 2 times (x 96B)
Class kotlin.jvm.internal.SpreadBuilder                                               : loaded 2 times (x 76B)
Class kotlin.collections.EmptyIterator                                                : loaded 2 times (x 89B)
Class kotlin.text.StringsKt__RegexExtensionsKt                                        : loaded 2 times (x 71B)
Class kotlin.SynchronizedLazyImpl                                                     : loaded 2 times (x 76B)
Class com.google.common.reflect.Invokable$MethodInvokable                             : loaded 2 times (x 107B)
Class com.google.common.base.Platform                                                 : loaded 2 times (x 71B)
Class jdk.internal.jimage.ImageReader$Directory                                       : loaded 2 times (x 84B)
Class kotlin.io.FilePathComponents                                                    : loaded 2 times (x 72B)
Class kotlin.coroutines.jvm.internal.RestrictedSuspendLambda                          : loaded 2 times (x 91B)
Class kotlin.sequences.SequencesKt__SequencesJVMKt                                    : loaded 2 times (x 71B)
Class kotlin.collections.AbstractList                                                 : loaded 2 times (x 197B)
Class kotlin.collections.AbstractCollection                                           : loaded 2 times (x 117B)
Class com.google.devtools.ksp.processing.KspGradleLogger$Companion                    : loaded 2 times (x 71B)
Class com.google.common.collect.AbstractMapBasedMultimap$WrappedList                  : loaded 2 times (x 205B)
Class com.google.common.collect.Maps$8                                                : loaded 2 times (x 82B)
Class kotlin.text.Regex                                                               : loaded 2 times (x 72B)
Class kotlin.Triple                                                                   : loaded 2 times (x 72B)
Class kotlin.sequences.SequencesKt__SequenceBuilderKt$sequence$$inlined$Sequence$1    : loaded 2 times (x 75B)
Class kotlin.text.StringsKt__StringBuilderJVMKt                                       : loaded 2 times (x 71B)
Class kotlin.collections.ArrayAsCollection                                            : loaded 2 times (x 105B)
Class kotlin.LazyKt__LazyKt                                                           : loaded 2 times (x 71B)
Class com.google.common.base.Predicates$CompositionPredicate                          : loaded 2 times (x 88B)
Class com.google.common.collect.Sets$SetView                                          : loaded 2 times (x 138B)
Class com.google.common.cache.LocalCache$StrongValueReference                         : loaded 2 times (x 90B)
Class kotlin.jvm.internal.ReflectionFactory                                           : loaded 2 times (x 91B)
Class kotlin.UNINITIALIZED_VALUE                                                      : loaded 2 times (x 71B)
Class kotlin.jvm.internal.Ref$ObjectRef                                               : loaded 2 times (x 72B)
Class com.google.common.graph.SuccessorsFunction                                      : loaded 2 times (x 70B)
Class org.gradle.internal.classloader.VisitableURLClassLoader$InstrumentingVisitableURLClassLoader: loaded 2 times (x 123B)
Class kotlin.collections.ReversedListReadOnly$listIterator$1                          : loaded 2 times (x 90B)
Class kotlin.comparisons.ComparisonsKt__ComparisonsKt                                 : loaded 2 times (x 71B)
Class kotlin.jvm.internal.ClassBasedDeclarationContainer                              : loaded 2 times (x 70B)
Class kotlin.coroutines.Continuation                                                  : loaded 2 times (x 70B)
Class kotlin.ranges.RangesKt__RangesKt                                                : loaded 2 times (x 71B)
Class kotlin.sequences.SequencesKt__SequencesKt                                       : loaded 2 times (x 71B)
Class kotlin.collections.SetsKt___SetsKt                                              : loaded 2 times (x 71B)
Class com.google.common.math.IntMath$1                                                : loaded 2 times (x 71B)
Class com.google.common.io.Files$FileByteSink                                         : loaded 2 times (x 77B)
Class [Lcom.google.common.cache.CacheBuilder$NullListener;                            : loaded 2 times (x 69B)
Class org.gradle.internal.classloader.VisitableURLClassLoader$Spec                    : loaded 2 times (x 74B)
Class org.gradle.internal.classpath.DefaultClassPath                                  : loaded 2 times (x 90B)
Class kotlin.comparisons.ComparisonsKt                                                : loaded 2 times (x 71B)
Class kotlin.comparisons.ComparisonsKt___ComparisonsKt                                : loaded 2 times (x 71B)
Class kotlin.Result$Companion                                                         : loaded 2 times (x 71B)
Class kotlin.coroutines.jvm.internal.BaseContinuationImpl                             : loaded 2 times (x 87B)
Class kotlin.text.CharsKt__CharJVMKt                                                  : loaded 2 times (x 71B)
Class kotlin.sequences.FilteringSequence                                              : loaded 2 times (x 75B)
Class com.google.devtools.ksp.processing.KspGradleLogger                              : loaded 2 times (x 79B)
Class com.google.common.reflect.Types$ClassOwnership                                  : loaded 2 times (x 80B)
Class com.google.common.base.AbstractIterator                                         : loaded 2 times (x 80B)
Class kotlin.reflect.KType                                                            : loaded 2 times (x 70B)
Class com.google.common.collect.Sets$FilteredSet                                      : loaded 2 times (x 137B)
Class com.google.common.io.Closer                                                     : loaded 2 times (x 78B)
Class com.google.common.collect.RegularImmutableMap$Values                            : loaded 2 times (x 207B)
Class com.google.common.base.CharMatcher$BitSetMatcher                                : loaded 2 times (x 112B)
Class com.google.common.collect.ImmutableSet                                          : loaded 2 times (x 145B)
Class org.gradle.internal.classloader.ClassLoaderSpec                                 : loaded 2 times (x 71B)
Class kotlin.collections.ReversedListReadOnly                                         : loaded 2 times (x 198B)
Class kotlin.jvm.internal.FunctionReferenceImpl                                       : loaded 2 times (x 122B)
Class kotlin.collections.CollectionsKt___CollectionsJvmKt                             : loaded 2 times (x 71B)
Class com.google.common.cache.CacheStats                                              : loaded 2 times (x 71B)
Class kotlin.jdk7.AutoCloseableKt                                                     : loaded 2 times (x 71B)
Class kotlin.jvm.internal.markers.KMutableIterable                                    : loaded 2 times (x 70B)
Class kotlin.TuplesKt                                                                 : loaded 2 times (x 71B)
Class kotlin.sequences.SequencesKt___SequencesJvmKt                                   : loaded 2 times (x 71B)
Class kotlin.Unit                                                                     : loaded 2 times (x 71B)
Class com.google.common.io.Closer$Suppressor                                          : loaded 2 times (x 70B)
Class com.google.common.io.LineProcessor                                              : loaded 2 times (x 70B)
Class com.google.common.base.CharMatcher$Or                                           : loaded 2 times (x 112B)
Class com.google.common.util.concurrent.AbstractFuture$Listener                       : loaded 2 times (x 72B)
Class org.gradle.api.internal.classpath.Module$ModuleAlias                            : loaded 2 times (x 70B)
Class kotlin.io.FileTreeWalk$DirectoryState                                           : loaded 2 times (x 73B)
Class kotlin.ranges.RangesKt                                                          : loaded 2 times (x 71B)
Class com.google.common.base.Supplier                                                 : loaded 2 times (x 70B)
Class org.gradle.internal.classloader.VisitableURLClassLoader                         : loaded 2 times (x 117B)
Class [Lkotlin.DeprecationLevel;                                                      : loaded 2 times (x 69B)
Class kotlin.sequences.GeneratorSequence                                              : loaded 2 times (x 75B)
Class kotlin.sequences.FlatteningSequence$iterator$1                                  : loaded 2 times (x 79B)
Class kotlin.collections.ArraysUtilJVM                                                : loaded 2 times (x 71B)
Class kotlin.jvm.functions.Function0                                                  : loaded 2 times (x 70B)
Class com.google.common.collect.ImmutableList$SerializedForm                          : loaded 2 times (x 73B)
Class org.gradle.internal.Cast                                                        : loaded 2 times (x 71B)
Class org.gradle.api.Action                                                           : loaded 2 times (x 70B)
Class kotlin.properties.ReadWriteProperty                                             : loaded 2 times (x 70B)
Class kotlin.collections.AbstractMutableList                                          : loaded 2 times (x 206B)
Class kotlin.jvm.functions.Function1                                                  : loaded 2 times (x 70B)
Class com.google.common.base.Strings                                                  : loaded 2 times (x 71B)
Class com.google.common.collect.Sets                                                  : loaded 2 times (x 71B)
Class com.google.common.base.CharMatcher$FastMatcher                                  : loaded 2 times (x 111B)
Class com.google.common.base.Ticker                                                   : loaded 2 times (x 72B)
Class kotlin.jvm.internal.markers.KMutableIterator                                    : loaded 2 times (x 70B)
Class kotlin.jvm.functions.Function2                                                  : loaded 2 times (x 70B)
Class kotlin.KotlinNothingValueException                                              : loaded 2 times (x 82B)
Class com.google.devtools.ksp.processing.KSPConfig                                    : loaded 2 times (x 72B)
Class [Lcom.google.common.cache.LocalCache$Segment;                                   : loaded 2 times (x 69B)
Class com.google.common.base.Predicate                                                : loaded 2 times (x 70B)
Class [Lcom.google.common.cache.LocalCache$Strength;                                  : loaded 2 times (x 69B)
Class com.google.common.cache.CacheBuilder$1                                          : loaded 2 times (x 85B)
Class com.google.common.collect.ImmutableMap                                          : loaded 2 times (x 120B)
Class org.gradle.internal.classpath.DefaultClassPath$ImmutableUniqueList$Builder      : loaded 2 times (x 75B)
Class kotlin.io.FileTreeWalk$WalkState                                                : loaded 2 times (x 73B)
Class kotlin.jvm.functions.Function3                                                  : loaded 2 times (x 70B)
Class kotlin.collections.MapsKt___MapsJvmKt                                           : loaded 2 times (x 71B)
Class com.google.common.base.CharMatcher$NegatedFastMatcher                           : loaded 2 times (x 113B)
Class com.google.common.cache.LocalCache                                              : loaded 2 times (x 187B)
Class com.google.common.cache.CacheBuilder$2                                          : loaded 2 times (x 79B)
Class kotlin.jvm.functions.Function4                                                  : loaded 2 times (x 70B)
Class kotlin.annotation.Target                                                        : loaded 2 times (x 70B)
Class kotlin.collections.EmptySet                                                     : loaded 2 times (x 122B)
Class kotlin.collections.CollectionsKt___CollectionsKt                                : loaded 2 times (x 71B)
Class [Lcom.google.common.collect.AbstractMapEntry;                                   : loaded 2 times (x 69B)
Class com.google.common.collect.ImmutableEntry                                        : loaded 2 times (x 82B)
Class com.google.common.cache.CacheBuilder$3                                          : loaded 2 times (x 72B)
Class com.google.common.collect.ArrayListMultimap                                     : loaded 2 times (x 172B)
Class org.gradle.api.GradleException                                                  : loaded 2 times (x 82B)
Class jdk.internal.jimage.ImageStrings                                                : loaded 2 times (x 70B)
Class kotlin.jvm.functions.Function5                                                  : loaded 2 times (x 70B)
Class kotlin.annotation.Retention                                                     : loaded 2 times (x 70B)
Class kotlin.text.StringsKt___StringsJvmKt                                            : loaded 2 times (x 71B)
Class kotlin.reflect.KDeclarationContainer                                            : loaded 2 times (x 70B)
Class com.google.common.base.Suppliers$MemoizingSupplier                              : loaded 2 times (x 79B)
Class com.google.common.collect.CollectPreconditions                                  : loaded 2 times (x 71B)
Class kotlin.jvm.functions.Function6                                                  : loaded 2 times (x 70B)
Class kotlin.io.FilesKt                                                               : loaded 2 times (x 71B)
Class kotlin.collections.ArraysKt___ArraysKt                                          : loaded 2 times (x 71B)
Class kotlin.collections.MapsKt___MapsKt                                              : loaded 2 times (x 71B)
Class com.google.common.collect.Maps$AbstractFilteredMap                              : loaded 2 times (x 127B)
Class [Lcom.google.common.io.FileWriteMode;                                           : loaded 2 times (x 69B)
Class com.google.common.collect.SortedMapDifference                                   : loaded 2 times (x 70B)
Class kotlin.jvm.functions.Function7                                                  : loaded 2 times (x 70B)
Class kotlin.collections.MapsKt__MapWithDefaultKt                                     : loaded 2 times (x 71B)
Class com.google.common.cache.LocalCache$HashIterator                                 : loaded 2 times (x 86B)
Class com.google.common.io.Files                                                      : loaded 2 times (x 71B)
Class com.google.common.cache.LocalCache$EntryFactory                                 : loaded 2 times (x 83B)
Class [Lkotlin.annotation.AnnotationRetention;                                        : loaded 2 times (x 69B)
Class kotlin.jvm.functions.Function8                                                  : loaded 2 times (x 70B)
Class kotlin.collections.builders.MapBuilder$Companion                                : loaded 2 times (x 71B)
Class kotlin.text.StringsKt___StringsKt                                               : loaded 2 times (x 71B)
Class kotlin.collections.CollectionsKt__MutableCollectionsJVMKt                       : loaded 2 times (x 71B)
Class kotlin.enums.EnumEntriesKt                                                      : loaded 2 times (x 71B)
Class com.google.common.reflect.Types$NativeTypeVariableEquals                        : loaded 2 times (x 71B)
Class com.google.common.reflect.TypeParameter                                         : loaded 2 times (x 72B)
Class com.google.common.collect.Iterables$5                                           : loaded 2 times (x 81B)
Class com.google.common.cache.LocalCache$AbstractReferenceEntry                       : loaded 2 times (x 107B)
Class org.gradle.internal.IoActions                                                   : loaded 2 times (x 71B)
Class kotlin.annotation.MustBeDocumented                                              : loaded 2 times (x 70B)
Class kotlin.jvm.functions.Function10                                                 : loaded 2 times (x 70B)
Class kotlin.jvm.functions.Function9                                                  : loaded 2 times (x 70B)
Class [Lkotlin.reflect.KClassifier;                                                   : loaded 2 times (x 69B)
Class [Lkotlin.LazyThreadSafetyMode;                                                  : loaded 2 times (x 69B)
Class com.google.common.cache.CacheLoader$InvalidCacheLoadException                   : loaded 2 times (x 82B)
Class com.google.common.collect.ImmutableSet$RegularSetBuilderImpl                    : loaded 2 times (x 77B)
Class kotlin.jvm.functions.Function11                                                 : loaded 2 times (x 70B)
Class kotlin.jvm.internal.markers.KMutableCollection                                  : loaded 2 times (x 70B)
Class kotlin.coroutines.intrinsics.IntrinsicsKt                                       : loaded 2 times (x 71B)
Class kotlin.ranges.IntRange$Companion                                                : loaded 2 times (x 71B)
Class kotlin.reflect.KAnnotatedElement                                                : loaded 2 times (x 70B)
Class kotlin.collections.EmptyMap                                                     : loaded 2 times (x 108B)
Class kotlin.jvm.internal.Intrinsics                                                  : loaded 2 times (x 71B)
Class com.google.common.collect.FluentIterable                                        : loaded 2 times (x 81B)
Class com.google.common.cache.LocalCache$StrongEntry                                  : loaded 2 times (x 108B)
Class com.google.common.util.concurrent.AbstractFuture$TrustedFuture                  : loaded 2 times (x 114B)
Class com.google.common.cache.LoadingCache                                            : loaded 2 times (x 70B)
Class jdk.internal.jrtfs.JrtFileSystem                                                : loaded 2 times (x 102B)
Class kotlin.jvm.functions.Function12                                                 : loaded 2 times (x 70B)
Class kotlin.io.FileTreeWalk$FileTreeWalkIterator$TopDownDirectoryState               : loaded 2 times (x 74B)
Class kotlin.coroutines.intrinsics.CoroutineSingletons                                : loaded 2 times (x 79B)
Class kotlin.collections.MapsKt                                                       : loaded 2 times (x 71B)
Class kotlin.collections.CollectionsKt__IterablesKt                                   : loaded 2 times (x 71B)
Class com.google.common.base.Suppliers$NonSerializableMemoizingSupplier               : loaded 2 times (x 79B)
Class com.google.common.collect.RegularImmutableMap$BucketOverflowException           : loaded 2 times (x 82B)
Class [Lcom.google.common.cache.Weigher;                                              : loaded 2 times (x 69B)
Class kotlin.text.Charsets                                                            : loaded 2 times (x 71B)
Class kotlin.jvm.functions.Function13                                                 : loaded 2 times (x 70B)
Class kotlin.sequences.SequenceBuilderIterator                                        : loaded 2 times (x 85B)
Class kotlin.ranges.OpenEndRange                                                      : loaded 2 times (x 70B)
Class kotlin.KotlinNullPointerException                                               : loaded 2 times (x 83B)
Class com.google.common.collect.AbstractMapBasedMultimap$RandomAccessWrappedList      : loaded 2 times (x 205B)
Class kotlin.jvm.functions.Function14                                                 : loaded 2 times (x 70B)
Class kotlin.ranges.RangesKt___RangesKt                                               : loaded 2 times (x 71B)
Class com.google.common.reflect.Types$JavaVersion$1                                   : loaded 2 times (x 83B)
Class com.google.common.collect.RegularImmutableBiMap                                 : loaded 2 times (x 149B)
Class com.google.common.collect.AbstractIterator$State                                : loaded 2 times (x 79B)
Class com.google.common.base.CharMatcher$Negated                                      : loaded 2 times (x 113B)
Class com.google.common.base.CharMatcher$Is                                           : loaded 2 times (x 111B)
Class com.google.common.cache.LocalCache$ValueReference                               : loaded 2 times (x 70B)
Class kotlin.collections.ArrayDeque$Companion                                         : loaded 2 times (x 71B)
Class kotlin.jvm.functions.Function15                                                 : loaded 2 times (x 70B)
Class kotlin.text.CharsKt__CharKt                                                     : loaded 2 times (x 71B)
Class kotlin.collections.ArraysKt                                                     : loaded 2 times (x 71B)
Class com.google.common.reflect.Types$JavaVersion$2                                   : loaded 2 times (x 83B)
Class com.google.common.reflect.Types                                                 : loaded 2 times (x 71B)
Class com.google.common.hash.PrimitiveSink                                            : loaded 2 times (x 70B)
Class com.google.common.base.PatternCompiler                                          : loaded 2 times (x 70B)
Class com.google.common.collect.Hashing                                               : loaded 2 times (x 71B)
Class com.google.common.util.concurrent.AbstractFuture$Failure                        : loaded 2 times (x 72B)
Class com.google.common.base.Equivalence$Equals                                       : loaded 2 times (x 82B)
Class com.google.common.base.Preconditions                                            : loaded 2 times (x 71B)
Class kotlin.jvm.functions.Function16                                                 : loaded 2 times (x 70B)
Class kotlin.coroutines.EmptyCoroutineContext                                         : loaded 2 times (x 77B)
Class kotlin.collections.SetsKt__SetsKt                                               : loaded 2 times (x 71B)
Class kotlin.LazyKt                                                                   : loaded 2 times (x 71B)
Class com.google.common.reflect.Types$JavaVersion$3                                   : loaded 2 times (x 83B)
Class com.google.common.io.CharSink                                                   : loaded 2 times (x 79B)
Class com.google.common.base.CharMatcher                                              : loaded 2 times (x 111B)
Class com.google.common.collect.PeekingIterator                                       : loaded 2 times (x 70B)
Class com.google.common.base.Joiner$1                                                 : loaded 2 times (x 80B)
Class kotlin.InitializedLazyImpl                                                      : loaded 2 times (x 76B)
Class kotlin.jvm.functions.Function17                                                 : loaded 2 times (x 70B)
Class kotlin.collections.ArraysKt__ArraysJVMKt                                        : loaded 2 times (x 71B)
Class com.google.common.reflect.Types$JavaVersion$4                                   : loaded 2 times (x 83B)
Class com.google.common.collect.Maps$IteratorBasedAbstractMap                         : loaded 2 times (x 125B)
Class com.google.common.base.CharMatcher$1                                            : loaded 2 times (x 113B)
Class com.google.common.base.CharMatcher$NamedFastMatcher                             : loaded 2 times (x 112B)
Class com.google.common.collect.Table                                                 : loaded 2 times (x 70B)
Class com.google.common.base.Joiner$2                                                 : loaded 2 times (x 79B)
Class com.google.common.cache.LocalCache$EntryFactory$1                               : loaded 2 times (x 83B)
Class [Lcom.google.common.cache.RemovalListener;                                      : loaded 2 times (x 69B)
Class kotlin.jvm.functions.Function18                                                 : loaded 2 times (x 70B)
Class kotlin.text.StringsKt__StringBuilderKt                                          : loaded 2 times (x 71B)
Class kotlin.jvm.internal.CallableReference$NoReceiver                                : loaded 2 times (x 71B)
Class com.google.common.reflect.Types$JavaVersion$5                                   : loaded 2 times (x 71B)
Class [Lcom.google.common.reflect.Types$ClassOwnership;                               : loaded 2 times (x 69B)
Class com.google.common.cache.LocalCache$EntryFactory$2                               : loaded 2 times (x 83B)
Class kotlin.jvm.functions.Function19                                                 : loaded 2 times (x 70B)
Class kotlin.reflect.KMutableProperty$Setter                                          : loaded 2 times (x 70B)
Class kotlin.Lazy                                                                     : loaded 2 times (x 70B)
Class kotlin.NoWhenBranchMatchedException                                             : loaded 2 times (x 82B)
Class com.google.common.collect.ImmutableMapEntrySet$RegularEntrySet                  : loaded 2 times (x 152B)
Class com.google.common.cache.LocalCache$EntryFactory$3                               : loaded 2 times (x 83B)
Class com.google.common.base.Ticker$1                                                 : loaded 2 times (x 72B)
Class com.google.common.collect.Maps$BiMapConverter                                   : loaded 2 times (x 90B)
Class com.google.common.base.CharMatcher$InRange                                      : loaded 2 times (x 111B)
Class com.google.common.cache.LocalCache$EntryFactory$4                               : loaded 2 times (x 83B)
Class com.google.common.collect.ImmutableSet$Builder                                  : loaded 2 times (x 85B)
Class kotlin.sequences.ConstrainedOnceSequence                                        : loaded 2 times (x 75B)
Class com.google.common.cache.LocalCache$EntryFactory$5                               : loaded 2 times (x 83B)
Class [Lkotlin.reflect.KProperty;                                                     : loaded 2 times (x 69B)
Class kotlin.jvm.internal.markers.KMappedMarker                                       : loaded 2 times (x 70B)
Class com.google.common.cache.LocalCache$EntryFactory$6                               : loaded 2 times (x 83B)
Class org.gradle.internal.installation.CurrentGradleInstallationLocator               : loaded 2 times (x 71B)
Class kotlin.coroutines.jvm.internal.SpillingKt                                       : loaded 2 times (x 71B)
Class [Lkotlin.io.FileWalkDirection;                                                  : loaded 2 times (x 69B)
Class com.google.common.collect.ImmutableSet$EmptySetBuilderImpl                      : loaded 2 times (x 76B)
Class com.google.common.collect.Maps$KeySet                                           : loaded 2 times (x 137B)
Class com.google.common.cache.LocalCache$EntryFactory$7                               : loaded 2 times (x 83B)
Class com.google.common.collect.ImmutableList                                         : loaded 2 times (x 206B)
Class org.gradle.internal.service.DefaultServiceLocator                               : loaded 2 times (x 83B)
Class kotlin.reflect.KMutableProperty0                                                : loaded 2 times (x 70B)
Class kotlin.reflect.KClassifier                                                      : loaded 2 times (x 70B)
Class kotlin.io.FileTreeWalk                                                          : loaded 2 times (x 75B)
Class kotlin.coroutines.jvm.internal.SuspendFunction                                  : loaded 2 times (x 70B)
Class com.google.common.collect.Maps$EntrySet                                         : loaded 2 times (x 136B)
Class com.google.common.cache.LocalCache$EntryFactory$8                               : loaded 2 times (x 83B)
Class com.google.common.collect.ImmutableSet$SetBuilderImpl                           : loaded 2 times (x 76B)
Class org.gradle.internal.installation.CurrentGradleInstallation                      : loaded 2 times (x 73B)
Class kotlin.jvm.internal.StringCompanionObject                                       : loaded 2 times (x 71B)
Class kotlin.reflect.KMutableProperty1                                                : loaded 2 times (x 70B)
Class kotlin.coroutines.intrinsics.IntrinsicsKt__IntrinsicsJvmKt                      : loaded 2 times (x 71B)
Class kotlin.coroutines.jvm.internal.CoroutineStackFrame                              : loaded 2 times (x 70B)
Class com.google.common.collect.ForwardingObject                                      : loaded 2 times (x 72B)
Class com.google.common.collect.ImmutableList$SubList                                 : loaded 2 times (x 209B)
Class com.google.common.cache.CacheLoader$1                                           : loaded 2 times (x 75B)
Class org.gradle.util.internal.GUtil                                                  : loaded 2 times (x 71B)
Class kotlin.reflect.KMutableProperty2                                                : loaded 2 times (x 70B)
Class kotlin.io.NoSuchFileException                                                   : loaded 2 times (x 82B)
Class kotlin.collections.CollectionsKt                                                : loaded 2 times (x 71B)
Class com.google.common.io.ByteSource                                                 : loaded 2 times (x 84B)
Class com.google.common.cache.AbstractCache$StatsCounter                              : loaded 2 times (x 70B)
Class kotlin.ranges.IntProgressionIterator                                            : loaded 2 times (x 82B)
Class kotlin.coroutines.jvm.internal.DebugProbesKt                                    : loaded 2 times (x 71B)
Class kotlin.coroutines.CoroutineContext                                              : loaded 2 times (x 70B)
Class com.google.common.reflect.Types$TypeVariableImpl                                : loaded 2 times (x 72B)
Class com.google.common.collect.Iterators$MergingIterator                             : loaded 2 times (x 81B)
Class com.google.common.collect.RegularImmutableSet                                   : loaded 2 times (x 149B)
Class org.gradle.internal.installation.GradleInstallation                             : loaded 2 times (x 75B)
Class com.google.common.base.Splitter$Strategy                                        : loaded 2 times (x 70B)
Class com.google.common.collect.Iterables                                             : loaded 2 times (x 71B)
Class kotlin.io.FileWalkDirection                                                     : loaded 2 times (x 79B)
Class kotlin.ranges.IntProgression                                                    : loaded 2 times (x 81B)
Class kotlin.jvm.KotlinReflectionNotSupportedError                                    : loaded 2 times (x 82B)

---------------  S Y S T E M  ---------------

OS:
 Windows 11 , 64 bit Build 22621 (10.0.22621.5415)
OS uptime: 0 days 2:16 hours
Hyper-V role detected

CPU: total 12 (initial active 12) (12 cores per cpu, 2 threads per core) family 23 model 104 stepping 1 microcode 0x0, cx8, cmov, fxsr, ht, mmx, 3dnowpref, sse, sse2, sse3, ssse3, sse4a, sse4.1, sse4.2, popcnt, lzcnt, tsc, tscinvbit, avx, avx2, aes, clmul, bmi1, bmi2, adx, sha, fma, vzeroupper, clflush, clflushopt, hv, rdtscp, rdpid, f16c
Processor Information for processor 0
  Max Mhz: 2100, Current Mhz: 1893, Mhz Limit: 2100
Processor Information for processor 1
  Max Mhz: 2100, Current Mhz: 1893, Mhz Limit: 2100
Processor Information for processor 2
  Max Mhz: 2100, Current Mhz: 1893, Mhz Limit: 2100
Processor Information for processor 3
  Max Mhz: 2100, Current Mhz: 1813, Mhz Limit: 2100
Processor Information for processor 4
  Max Mhz: 2100, Current Mhz: 1893, Mhz Limit: 2100
Processor Information for processor 5
  Max Mhz: 2100, Current Mhz: 1893, Mhz Limit: 2100
Processor Information for processor 6
  Max Mhz: 2100, Current Mhz: 1813, Mhz Limit: 2100
Processor Information for processor 7
  Max Mhz: 2100, Current Mhz: 1813, Mhz Limit: 2100
Processor Information for processor 8
  Max Mhz: 2100, Current Mhz: 1813, Mhz Limit: 2100
Processor Information for processor 9
  Max Mhz: 2100, Current Mhz: 1813, Mhz Limit: 2100
Processor Information for processor 10
  Max Mhz: 2100, Current Mhz: 1813, Mhz Limit: 2100
Processor Information for processor 11
  Max Mhz: 2100, Current Mhz: 1813, Mhz Limit: 2100

Memory: 4k page, system-wide physical 14181M (541M free)
TotalPageFile size 27312M (AvailPageFile size 504M)
current process WorkingSet (physical memory assigned to process): 919M, peak: 1012M
current process commit charge ("private bytes"): 1086M, peak: 1642M

vm_info: OpenJDK 64-Bit Server VM (21.0.10+-14961533-b1163.108) for windows-amd64 JRE (21.0.10+-14961533-b1163.108), built on 2026-03-02T19:58:50Z by "builder" with MS VC++ 16.10 / 16.11 (VS2019)

END.
